Company,Origin,REF,Review Date,Cocoa Percent,Location,Rating
A. Morin,Agua Grande,1876,2016,63%,France,3.75
A. Morin,Kpime,1676,2015,70%,France,2.75
A. Morin,Atsane,1676,2015,70%,France,3
A. Morin,Akata,1680,2015,70%,France,3.5
A. Morin,Quilla,1704,2015,70%,France,3.5
A. Morin,Carenero,1315,2014,70%,France,2.75
A. Morin,Cuba,1315,2014,70%,France,3.5
A. Morin,Sur del Lago,1315,2014,70%,France,3.5
A. Morin,Puerto Cabello,1319,2014,70%,France,3.75
A. Morin,Pablino,1319,2014,70%,France,4
A. Morin,Panama,1011,2013,70%,France,2.75
A. Morin,Madagascar,1011,2013,70%,France,3
A. Morin,Brazil,1011,2013,70%,France,3.25
A. Morin,Equateur,1011,2013,70%,France,3.75
A. Morin,Colombie,1015,2013,70%,France,2.75
A. Morin,Birmanie,1015,2013,70%,France,3
A. Morin,Papua New Guinea,1015,2013,70%,France,3.25
A. Morin,Chuao,1015,2013,70%,France,4
A. Morin,Piura,1019,2013,70%,France,3.25
A. Morin,Chanchamayo Province,1019,2013,70%,France,3.5
A. Morin,Chanchamayo Province,1019,2013,63%,France,4
A. Morin,Bolivia,797,2012,70%,France,3.5
A. Morin,Peru,797,2012,63%,France,3.75
Acalli,"Chulucanas, El Platanal",1462,2015,70%,U.S.A.,3.75
Acalli,"Tumbes, Norandino",1470,2015,70%,U.S.A.,3.75
Adi,Vanua Levu,705,2011,60%,Fiji,2.75
Adi,"Vanua Levu, Toto-A",705,2011,80%,Fiji,3.25
Adi,Vanua Levu,705,2011,88%,Fiji,3.5
Adi,"Vanua Levu, Ami-Ami-CA",705,2011,72%,Fiji,3.5
Aequare (Gianduja),"Los Rios, Quevedo, Arriba",370,2009,55%,Ecuador,2.75
Aequare (Gianduja),"Los Rios, Quevedo, Arriba",370,2009,70%,Ecuador,3
Ah Cacao,Tabasco,316,2009,70%,Mexico,3
Akesson's (Pralus),"Bali (west), Sukrama Family, Melaya area",636,2011,75%,Switzerland,3.75
Akesson's (Pralus),"Madagascar, Ambolikapiky P.",502,2010,75%,Switzerland,2.75
Akesson's (Pralus),"Monte Alegre, D. Badero",508,2010,75%,Switzerland,2.75
Alain Ducasse,Trinite,1215,2014,65%,France,2.75
Alain Ducasse,Vietnam,1215,2014,75%,France,2.75
Alain Ducasse,Madagascar,1215,2014,75%,France,3
Alain Ducasse,Chuao,1061,2013,75%,France,2.5
Alain Ducasse,"Piura, Perou",1173,2013,75%,France,2.5
Alexandre,"Winak Coop, Napo",1944,2017,70%,Netherlands,3.5
Alexandre,"La Dalia, Matagalpa",1944,2017,70%,Netherlands,3.5
Alexandre,Tien Giang,1944,2017,70%,Netherlands,3.5
Alexandre,"Makwale Village, Kyela",1944,2017,70%,Netherlands,3.5
Altus aka Cao Artisan,Momotombo,1728,2016,60%,U.S.A.,2.75
Altus aka Cao Artisan,Acopagro,1728,2016,60%,U.S.A.,3
Altus aka Cao Artisan,CIAAB Coop,1732,2016,60%,U.S.A.,2.5
Altus aka Cao Artisan,Villa Andina,1732,2016,60%,U.S.A.,2.5
Altus aka Cao Artisan,Gruppo Salinas,1732,2016,60%,U.S.A.,2.75
Altus aka Cao Artisan,Sur del Lago,1125,2013,60%,U.S.A.,2.5
Altus aka Cao Artisan,Conacado,1125,2013,60%,U.S.A.,3
Altus aka Cao Artisan,Bolivia,1129,2013,80%,U.S.A.,3.25
Altus aka Cao Artisan,Bolivia,1133,2013,60%,U.S.A.,3
Altus aka Cao Artisan,Peru,1133,2013,60%,U.S.A.,3.25
Amano,Morobe,725,2011,70%,U.S.A.,4
Amano,Dos Rios,470,2010,70%,U.S.A.,3.75
Amano,Guayas,470,2010,70%,U.S.A.,4
Amano,Chuao,544,2010,70%,U.S.A.,3
Amano,Montanya,363,2009,70%,U.S.A.,3
Amano,"Bali, Jembrana",304,2008,70%,U.S.A.,2.75
Amano,Madagascar,129,2007,70%,U.S.A.,3.5
Amano,Cuyagua,147,2007,70%,U.S.A.,3
Amano,Ocumare,175,2007,70%,U.S.A.,3.75
Amatller (Simon Coll),Ghana,322,2009,70%,Spain,3
Amatller (Simon Coll),Ecuador,327,2009,70%,Spain,2.75
Amatller (Simon Coll),Ecuador,464,2009,85%,Spain,2.75
Amatller (Simon Coll),Ghana,464,2009,85%,Spain,3
Amazona,"LamasdelChanka, San Martin, Oro Verde coop",1145,2013,72%,Peru,3.25
Amazona,"Bellavista Gran Pajeten, San Martin",1145,2013,73%,Peru,3.5
Ambrosia,Belize,1494,2015,64%,Canada,3
Ambrosia,Madagascar,1494,2015,66%,Canada,3.25
Ambrosia,Dominican Republic,1498,2015,75%,Canada,3.25
Ambrosia,Papua New Guinea,1498,2015,63%,Canada,3.25
Ambrosia,Venezuela,1498,2015,70%,Canada,3.25
Ambrosia,Peru,1498,2015,68%,Canada,3.5
Amedei,"Piura, Blanco de Criollo",979,2012,70%,Italy,3.75
Amedei,Porcelana,111,2007,70%,Italy,4
Amedei,Nine,111,2007,75%,Italy,4
Amedei,Chuao,111,2007,70%,Italy,5
Amedei,Ecuador,123,2007,70%,Italy,3
Amedei,Jamaica,123,2007,70%,Italy,3
Amedei,Grenada,123,2007,70%,Italy,3.5
Amedei,Venezuela,123,2007,70%,Italy,3.75
Amedei,Madagascar,123,2007,70%,Italy,4
Amedei,Trinidad,129,2007,70%,Italy,3.5
Amedei,Toscano Black,170,2007,63%,Italy,3.5
Amedei,Toscano Black,40,2006,70%,Italy,5
Amedei,Toscano Black,75,2006,66%,Italy,4
AMMA,Catongo,1065,2013,75%,Brazil,3.25
AMMA,"Monte Alegre, 3 diff. plantations",572,2010,85%,Brazil,2.75
AMMA,"Monte Alegre, 3 diff. plantations",572,2010,50%,Brazil,3.75
AMMA,"Monte Alegre, 3 diff. plantations",572,2010,75%,Brazil,3.75
AMMA,"Monte Alegre, 3 diff. plantations",572,2010,60%,Brazil,4
Anahata,Elvesia,1259,2014,75%,U.S.A.,3
Animas,Alto Beni,1852,2016,75%,U.S.A.,3.5
Ara,Madagascar,1375,2014,75%,France,3
Ara,Chiapas,1379,2014,72%,France,2.5
Ara,Equateur,1379,2014,75%,France,2.75
Ara,Trincheras,1379,2014,75%,France,3
Arete,San Juan,1724,2016,70%,U.S.A.,3.5
Arete,Kokoa Kamili,1724,2016,70%,U.S.A.,3.75
Arete,Tien Giang,1900,2016,73%,U.S.A.,3.5
Arete,Hacienda Victoria,1904,2016,70%,U.S.A.,3.25
Arete,Costa Esmeraldas,1904,2016,70%,U.S.A.,3.25
Arete,Lachua,1904,2016,70%,U.S.A.,3.5
Arete,Rugoso,1904,2016,70%,U.S.A.,3.75
Arete,"La Masica, FHIA",1908,2016,70%,U.S.A.,3.5
Arete,"Coto Brus, Terciopelo",1908,2016,70%,U.S.A.,4
Arete,Phantom,1924,2016,70%,U.S.A.,4
Arete,Elvesia,1928,2016,70%,U.S.A.,3.75
Arete,Matasawalevu,1928,2016,70%,U.S.A.,3.25
Arete,Lam Dong,1928,2016,73%,U.S.A.,3.25
Arete,Fazenda Camboa,1534,2015,70%,U.S.A.,3.5
Arete,Nacional,1534,2015,68%,U.S.A.,3.5
Arete,"Puerto Quito, heirloom",1534,2015,70%,U.S.A.,3.75
Arete,Oko Caribe,1598,2015,70%,U.S.A.,3.5
Arete,Maya Mountain,1598,2015,70%,U.S.A.,3.75
Arete,Chuno,1598,2015,70%,U.S.A.,4
Arete,Fazenda Camboa,1602,2015,75%,U.S.A.,2.75
Arete,Guatemala,1602,2015,70%,U.S.A.,3.25
Arete,Camino Verde,1602,2015,75%,U.S.A.,3.5
Artisan du Chocolat,"Trinidad, Heritage, Limited ed.",1193,2013,72%,U.K.,3.25
Artisan du Chocolat,"Colombia, Casa Luker",947,2012,72%,U.K.,3.75
Artisan du Chocolat,Haiti,729,2011,72%,U.K.,4
Artisan du Chocolat,Panama,745,2011,72%,U.K.,2.75
Artisan du Chocolat,Venezuela,486,2010,100%,U.K.,1.75
Artisan du Chocolat,Jamaica,531,2010,72%,U.K.,3.75
Artisan du Chocolat,Costa Rica,600,2010,72%,U.K.,3.25
Artisan du Chocolat,Ba Ria Vung Tau Province,600,2010,72%,U.K.,3.25
Artisan du Chocolat,Bali,600,2010,72%,U.K.,3.5
Artisan du Chocolat,"Ocumare, Venezuela",355,2009,75%,U.K.,2.5
Artisan du Chocolat,Java,355,2009,72%,U.K.,2.75
Artisan du Chocolat,Brazil Rio Doce,363,2009,72%,U.K.,1.75
Artisan du Chocolat,Madagascar,363,2009,80%,U.K.,3
Artisan du Chocolat,Peru,363,2009,75%,U.K.,3
Artisan du Chocolat,Dominican Republic,363,2009,72%,U.K.,3.25
Artisan du Chocolat,Congo,300,2008,72%,U.K.,3.75
Artisan du Chocolat (Casa Luker),"Orinoqua Region, Arauca",1181,2013,72%,U.K.,2.75
Askinosie,Mababa,1780,2016,68%,U.S.A.,3.75
Askinosie,"Tenende, Uwate",647,2011,72%,U.S.A.,3.75
Askinosie,Cortes,661,2011,70%,U.S.A.,3.75
Askinosie,Davao,331,2009,77%,U.S.A.,3.75
Askinosie,Xoconusco,141,2007,75%,U.S.A.,2.5
Askinosie,San Jose del Tambo,175,2007,70%,U.S.A.,3
Bahen & Co.,Houseblend,1474,2015,80%,Australia,3.25
Bahen & Co.,Papua New Guinea,1474,2015,70%,Australia,3.5
Bahen & Co.,Sambirano,995,2012,70%,Australia,3
Bahen & Co.,Bahia,999,2012,70%,Australia,2.5
Bahen & Co.,Houseblend,999,2012,70%,Australia,2.5
Bakau,"Bambamarca, 2015",1454,2015,70%,Peru,2.75
Bakau,"Huallabamba, 2015",1454,2015,70%,Peru,3.5
Bar Au Chocolat,Bahia,1554,2015,70%,U.S.A.,3.5
Bar Au Chocolat,Maranon Canyon,1295,2014,70%,U.S.A.,4
Bar Au Chocolat,Duarte Province,983,2012,70%,U.S.A.,3.25
Bar Au Chocolat,Chiapas,983,2012,70%,U.S.A.,3.5
Bar Au Chocolat,Sambirano,983,2012,70%,U.S.A.,3.75
Baravelli's,single estate,955,2012,80%,Wales,2.75
Batch,"Dominican Republic, Batch 3",1840,2016,65%,U.S.A.,3.5
Batch,Brazil,1868,2016,70%,U.S.A.,3.75
Batch,Ecuador,1880,2016,65%,U.S.A.,3.25
Beau Cacao,"Asajaya E, NW Borneo, b. #132/4500",1948,2017,73%,U.K.,3
Beau Cacao,"Serian E., NW Borneo, b. #134/3800",1948,2017,72%,U.K.,3.25
Beehive,"Brazil, Batch 20316",1784,2016,80%,U.S.A.,2.75
Beehive,"Dominican Republic, Batch 31616",1784,2016,70%,U.S.A.,2.75
Beehive,"Ecuador, Batch 31516",1784,2016,70%,U.S.A.,2.75
Beehive,Ecuador,1788,2016,90%,U.S.A.,2.75
Belcolade,Costa Rica,586,2010,64%,Belgium,2.75
Belcolade,Papua New Guinea,586,2010,64%,Belgium,2.75
Belcolade,Peru,586,2010,64%,Belgium,2.75
Belcolade,Ecuador,586,2010,71%,Belgium,3.5
Bellflower,"Kakao Kamili, Kilombero Valley",1800,2016,70%,U.S.A.,3.5
Bellflower,"Alto Beni, Palos Blanco",1804,2016,70%,U.S.A.,3.25
Bellflower,"Oko Caribe, Duarte P.",1864,2016,70%,U.S.A.,3.5
Belyzium,"Belize south, low fermentation",1768,2016,83%,Germany,2.75
Belyzium,Belize south,1768,2016,78%,Germany,3
Belyzium,Belize south,1768,2016,83%,Germany,3.5
Benoit Nihant,Baracoa,1141,2013,74%,Belgium,3.5
Benoit Nihant,Chuao,1141,2013,74%,Belgium,3.5
Benoit Nihant,Cuyagua Village,1141,2013,74%,Belgium,3.5
Benoit Nihant,Rio Peripa H.,1141,2013,73%,Belgium,4
Benoit Nihant,"Bali, Sukrama Bros. Farm, Melaya, 62hr C",757,2011,72%,Belgium,4
Benoit Nihant,"Somia Plantation, Sambirano, 70hr C",773,2011,72%,Belgium,3.75
Bernachon,Nature,797,2012,55%,France,2.75
Beschle (Felchlin),Madagascar,636,2011,64%,Switzerland,3
Beschle (Felchlin),Maracaibo,636,2011,88%,Switzerland,3
Beschle (Felchlin),"Indigena Amazonia, Grand Cru, Quizas",636,2011,72%,Switzerland,3.5
Beschle (Felchlin),Ecuador,636,2011,72%,Switzerland,4
Beschle (Felchlin),"Carenero S., Barlovento, Grand Cru",508,2010,70%,Switzerland,3.25
Beschle (Felchlin),"Porcelana, Premier Cru, Quizas No. 1",508,2010,74%,Switzerland,3.25
Beschle (Felchlin),"Java, Grand Cru",508,2010,64%,Switzerland,3.5
Beschle (Felchlin),"Ocumare, Premier Cru, Quizas No. 2",508,2010,72%,Switzerland,3.5
Bisou,"Nicaragua, American style",1482,2015,76%,U.S.A.,2.5
Bisou,"San Andres, American style",1486,2015,76%,U.S.A.,2.5
Bisou,"San Andres, silk",1486,2015,78%,U.S.A.,2.5
Bisou,Belize,1486,2015,86%,U.S.A.,3.25
Bittersweet Origins,Ghana,963,2012,72%,U.S.A.,3.5
Bittersweet Origins,"Bali, Singaraja",478,2010,75%,U.S.A.,3.25
Bittersweet Origins,2009 Hapa Nibby,502,2010,70%,U.S.A.,3.75
Bittersweet Origins,"Bali, Singaraja",558,2010,65%,U.S.A.,2.75
Bittersweet Origins,"Sambirano, 2009",565,2010,70%,U.S.A.,3
Bittersweet Origins,"Ocumare, prototype",565,2010,78%,U.S.A.,3
Bittersweet Origins,Puerto Plata,414,2009,75%,U.S.A.,3
Bittersweet Origins,Puerto Plata,414,2009,65%,U.S.A.,3.5
Bittersweet Origins,Sambirano,423,2009,75%,U.S.A.,3.25
Bittersweet Origins,Sambirano,431,2009,65%,U.S.A.,3.5
Bittersweet Origins,Sambirano,233,2008,71%,U.S.A.,3
Bittersweet Origins,Bocas del Toro,233,2008,75%,U.S.A.,3.5
Bittersweet Origins,Puerto Plata,233,2008,68%,U.S.A.,3.75
Bittersweet Origins,Ankasa,256,2008,70%,U.S.A.,3
Black Mountain,La Red,256,2008,70%,U.S.A.,2.75
Black Mountain,Carenero Superior,256,2008,70%,U.S.A.,2.75
Black Mountain,Matiguas,256,2008,70%,U.S.A.,3
Black River (A. Morin),Blue Mountain Region,1331,2014,70%,U.K.,2.75
Blanxart,"Congo, Grand Cru",1046,2013,82%,Spain,3.5
Blanxart,Organic Dark,322,2009,72%,Spain,2.75
Blue Bandana,"Akesson's E., Sambirano V.",1740,2016,82%,U.S.A.,3.5
Blue Bandana,Lachua,1752,2016,75%,U.S.A.,2.75
Blue Bandana,Kokoa Kamili,1752,2016,75%,U.S.A.,3.5
Blue Bandana,Zorzal Reserva,1756,2016,75%,U.S.A.,3
Blue Bandana,Guatemala,911,2012,70%,U.S.A.,3.5
Blue Bandana,Madagascar,911,2012,70%,U.S.A.,3.75
Bonnat,Selva Maya,1912,2016,75%,France,3.5
Bonnat,Kaori,1339,2014,75%,France,4
Bonnat,"Los Colorados, Santo Domingo, Equateur",1418,2014,75%,France,3.25
Bonnat,Surfin,1418,2014,65%,France,3.75
Bonnat,Maragnam,1038,2013,75%,France,3.5
Bonnat,Gabon,1042,2013,75%,France,3.25
Bonnat,Cuba,629,2011,75%,France,3.5
Bonnat,"Cusco, Cacao Cusco",629,2011,75%,France,3.5
Bonnat,Piura Blanco,629,2011,75%,France,3.5
Bonnat,Libanio,629,2011,75%,France,3.75
Bonnat,Haiti,629,2011,75%,France,4
Bonnat,"Madagascar, 100% criollo",629,2011,75%,France,4
Bonnat,Juliana,672,2011,75%,France,3.5
Bonnat,Jamaique,761,2011,75%,France,3.25
Bonnat,Ivory Coast,331,2009,75%,France,3
Bonnat,"Porcelana, Apotequil",336,2009,75%,France,2.75
Bonnat,"Porcelana, Tabasco, Marfil de Blanco",336,2009,75%,France,3
Bonnat,"Xoconusco, cacao Real",395,2009,75%,France,3
Bonnat,"Porcelana, Venezuela",199,2008,75%,France,4
Bonnat,Equateur,123,2007,75%,France,2.5
Bonnat,Trinite,24,2006,75%,France,3.75
Bonnat,"Ocumare, Puerto Cabello",32,2006,75%,France,4
Bonnat,"Maracaibo, El Rosario",48,2006,75%,France,4
Bonnat,Madagascar,75,2006,75%,France,4
Bonnat,One Hundred,81,2006,100%,France,1.5
Bonnat,Ceylan,81,2006,75%,France,3
Bonnat,Chuao,81,2006,75%,France,4
Bouga Cacao (Tulicorp),"El Oro, Hacienda de Oro",316,2009,77%,Ecuador,3.25
Bouga Cacao (Tulicorp),"El Oro, Hacienda de Oro",341,2009,100%,Ecuador,1.5
Bowler Man,Maya Mountain,1267,2014,70%,U.S.A.,2.75
Bowler Man,Conacado,1271,2014,70%,U.S.A.,2.75
Brasstown aka It's Chocolate,"Guasare, Zulia Prov.",1868,2016,70%,U.S.A.,3.5
Brasstown aka It's Chocolate,"O'payo, Waslala",1868,2016,70%,U.S.A.,3.75
Brasstown aka It's Chocolate,Conacado,1462,2015,68%,U.S.A.,3.75
Brasstown aka It's Chocolate,Maya Mountain,1255,2014,70%,U.S.A.,3.75
Brasstown aka It's Chocolate,Chuao,1355,2014,70%,U.S.A.,4
Brasstown aka It's Chocolate,Cooproagro,1125,2013,72%,U.S.A.,3
Brasstown aka It's Chocolate,"Camino Verde, Guayas",1125,2013,70%,U.S.A.,3.25
Brasstown aka It's Chocolate,Ghana,1129,2013,75%,U.S.A.,3.5
Brasstown aka It's Chocolate,"Chuao, Mantuano blend",1129,2013,85%,U.S.A.,3.5
Brazen,Elvesia P.,1514,2015,60%,U.S.A.,3
Brazen,Elvesia P.,1514,2015,80%,U.S.A.,3.25
Brazen,"Alta Verapaz, 2014",1514,2015,70%,U.S.A.,3.5
Brazen,Ambolikapiky P.,1518,2015,80%,U.S.A.,2.75
Brazen,Maya Mountain,1518,2015,80%,U.S.A.,3.25
Brazen,Ambolikapkly P.,1518,2015,60%,U.S.A.,3.25
Breeze Mill,Jamaica,1149,2013,70%,U.S.A.,3
Bright,Somia Plantation,1231,2014,72%,Australia,3
Bright,Marabel Farms,1231,2014,70%,Australia,3.5
Bright,"Camino Verde, Balao, Guayas",1231,2014,72%,Australia,3.5
Bright,Gran Couva,1235,2014,68%,Australia,2.75
Britarev,Ecuador,1638,2015,70%,Russia,3.25
Bronx Grrl Chocolate,Dominican Republic,1181,2013,68%,U.S.A.,2.75
Burnt Fork Bend,Trinidad,1299,2014,72%,U.S.A.,3.25
Burnt Fork Bend,Mindo,1299,2014,72%,U.S.A.,3.5
Burnt Fork Bend,Belize,1303,2014,72%,U.S.A.,3.25
Burnt Fork Bend,Blend,1303,2014,72%,U.S.A.,3.25
Burnt Fork Bend,"Ecuador, Bob Bar",1323,2014,60%,U.S.A.,2.5
Cacao Arabuco,Puerto Rico,1606,2015,70%,Puerto Rico,2.5
Cacao Atlanta,Tumbes,1215,2014,75%,U.S.A.,2.5
Cacao Atlanta,"Dominican Republic, ""Love Bar""",502,2010,75%,U.S.A.,2.5
Cacao Atlanta,Dominican Republic w/ nibs,502,2010,75%,U.S.A.,2.75
Cacao Atlanta,Patanemo,600,2010,75%,U.S.A.,2.25
Cacao Barry,Grand 'Anse,1716,2016,65%,France,3.5
Cacao Barry,Santo Domingo,586,2010,70%,France,3
Cacao Barry,Tanzania,300,2008,75%,France,2
Cacao Barry,Venezuela,141,2007,72%,France,2
Cacao Barry,Mexico,147,2007,66%,France,3
Cacao de Origen,Chuao,1688,2015,77%,Venezuela,3.5
Cacao de Origen,Rio Caribe,1692,2015,75%,Venezuela,3.25
Cacao de Origen,Agua Fria; Sucre region,1391,2014,75%,Venezuela,2.5
Cacao de Origen,Macuare; Miranda; Chloe formula,1391,2014,74%,Venezuela,3.25
Cacao de Origen,"Chuao, Aragua region",1391,2014,75%,Venezuela,3.5
Cacao de Origen,"Chuao, Aragua region",1395,2014,70%,Venezuela,3.75
Cacao de Origin,Hacienda la Trinidad,1668,2015,74%,Venezuela,3.25
Cacao Hunters,Macondo,1816,2016,71%,Colombia,3.75
Cacao Hunters,Perla Negra,1816,2016,74%,Colombia,3.75
Cacao Hunters,Arhuacos,1662,2015,72%,Colombia,3.75
Cacao Hunters,Sierra Nevada,1430,2014,64%,Colombia,3.5
Cacao Hunters,Tumaco,1430,2014,70%,Colombia,3.5
Cacao Hunters,"Boyaca, Aprocampa Coop, Pauna",1434,2014,69%,Colombia,2.75
Cacao Hunters,Arauca,1434,2014,70%,Colombia,3.25
Cacao Market,"Jutiapa, lot 050916D",1860,2016,70%,U.S.A.,3.5
Cacao Prieto,"Criollo, Dominican Republic",991,2012,72%,U.S.A.,3.75
Cacao Prieto,"Dominican Republicm, rustic",641,2011,72%,U.S.A.,3
Cacao Prieto,Dominican Republic,641,2011,66%,U.S.A.,3.75
Cacao Prieto,"Dominican Republic, rustic",647,2011,65%,U.S.A.,3.25
Cacao Sampaka,"Mahali, Kasai",1908,2016,70%,Spain,3.5
Cacao Sampaka,Madagascar,508,2010,71%,Spain,3.5
Cacao Sampaka,Ecuador,523,2010,71%,Spain,3.75
Cacao Sampaka,Papua,523,2010,71%,Spain,4
Cacao Sampaka,Grenada,537,2010,71%,Spain,3.25
Cacao Sampaka,Venezuela,537,2010,71%,Spain,3.5
Cacao Sampaka,Venezuela,537,2010,77%,Spain,3.5
Cacao Sampaka,"Porcelana, Tabasco, La Joya",336,2009,70%,Spain,4
Cacao Sampaka,"Xoconusco, Chiapas",346,2009,70%,Spain,4
Cacao Store,Madagascar,1684,2015,70%,Japan,3
Cacao Store,Peru,1684,2015,70%,Japan,3.25
Cacao Store,Vietnam,1684,2015,70%,Japan,3.5
Cacaosuyo (Theobroma Inversiones),Piura,1173,2013,70%,Peru,3.25
Cacaoyere (Ecuatoriana),Amazonia,237,2008,63%,Ecuador,3.5
Cacaoyere (Ecuatoriana),Esmeraldas,237,2008,71%,Ecuador,3.5
Cacaoyere (Ecuatoriana),Bolivar,245,2008,82%,Ecuador,2.5
Cacaoyere (Ecuatoriana),Pichincha,259,2008,91%,Ecuador,1.5
Callebaut,Grenade,296,2008,60%,Belgium,2.75
Callebaut,Baking,141,2007,70%,Belgium,1
C-Amaro,Cuba,1442,2014,75%,Italy,2.5
C-Amaro,Dominican Republic,1442,2014,72%,Italy,3
C-Amaro,"Lago di Como, Blu",1442,2014,70%,Italy,3.5
C-Amaro,Ecuador,1185,2013,100%,Italy,3.5
C-Amaro,Venezuela,809,2012,80%,Italy,3
C-Amaro,Sao Tome,749,2011,78%,Italy,2.25
C-Amaro,Trinidad,765,2011,70%,Italy,2.5
Cao,Porcelana,1804,2016,75%,U.S.A.,2.5
Cao,Tanzania,1804,2016,73%,U.S.A.,2.75
Cao,"Porcelana, Batch 5163",1804,2016,70%,U.S.A.,3
Cao,Bolivia,1808,2016,75%,U.S.A.,3
Cao,Brazil,1808,2016,70%,U.S.A.,3.25
Caoni (Tulicorp),Esmeraldas,237,2008,77%,Ecuador,2
Caoni (Tulicorp),Manabi,237,2008,77%,Ecuador,2.5
Caoni (Tulicorp),Los Rios,245,2008,77%,Ecuador,2.75
Caoni (Tulicorp),Manabi,266,2008,55%,Ecuador,3
Caoni (Tulicorp),Los Rios,269,2008,55%,Ecuador,3.25
Caoni (Tulicorp),Esmeraldas,269,2008,55%,Ecuador,3.5
Captain Pembleton,"Saidor Estate, Madang P.",1263,2014,70%,New Zealand,3.5
Captain Pembleton,Kulili Estate,1263,2014,70%,New Zealand,3.75
Caribeans,"Antigua, Special Reserve",1582,2015,72%,Costa Rica,3.5
Caribeans,"Talamanca, Raul-Kekoldo community",1586,2015,72%,Costa Rica,3.25
Caribeans,Anselmo Paraiso Estate,1586,2015,72%,Costa Rica,3.5
Caribeans,Costa Rica,841,2012,72%,Costa Rica,3
Caribeans,Costa Rica,845,2012,80%,Costa Rica,2.75
Carlotta Chocolat,Arauca,1884,2016,65%,Colombia,3
Carlotta Chocolat,Tumaco,1888,2016,65%,Colombia,3.25
Carlotta Chocolat,Cordoba,1888,2016,65%,Colombia,3.25
Carlotta Chocolat,Huila,1888,2016,65%,Colombia,3.5
Carlotta Chocolat,Cesar,1888,2016,65%,Colombia,3.5
Castronovo,"Maya Mtn, Batch 454, Heirloom",1724,2016,72%,U.S.A.,4
Castronovo,"the lost city, gracias a dias, batch 362",1570,2015,72%,U.S.A.,3.5
Castronovo,"Duarte, Batch 360",1570,2015,70%,U.S.A.,3.75
Castronovo,"Piaroa, Amazonas, Batch 350",1574,2015,72%,U.S.A.,3.5
Castronovo,Sierra Nevada,1347,2014,72%,U.S.A.,3.5
Castronovo,Arauca,1371,2014,76%,U.S.A.,3.5
Castronovo,Elvesia P.,1407,2014,70%,U.S.A.,2.75
Castronovo,Bolivia,1101,2013,70%,U.S.A.,3
Castronovo,Conacado,1101,2013,73%,U.S.A.,3.5
Castronovo,San Martin,1105,2013,70%,U.S.A.,2.5
Castronovo,"Guaniamo, Amazonas",1105,2013,70%,U.S.A.,3.25
Castronovo,Nicaragua,1109,2013,72%,U.S.A.,3.25
Castronovo,Tumbes,1153,2013,70%,U.S.A.,2.75
Castronovo,Guaniamo,1153,2013,72%,U.S.A.,3
Cello,Ecuador,1247,2014,70%,U.S.A.,2.5
Cello,Peru,1247,2014,70%,U.S.A.,2.75
Cello,Venezuela,1251,2014,70%,U.S.A.,2.75
Cello,Bolivia,1251,2014,70%,U.S.A.,3
Cemoi,Equateur,404,2009,72%,France,2.75
Chaleur B,Uganda,1426,2014,70%,Canada,2.75
Charm School,Maya Mtn,1900,2016,70%,U.S.A.,3.25
Chchukululu (Tulicorp),Arriba,486,2010,55%,Ecuador,2.75
Chchukululu (Tulicorp),Los Rios,252,2008,75%,Ecuador,3
Chequessett,la Amistad,1235,2014,70%,U.S.A.,3.5
Chloe Chocolat,Blend No. 1,672,2011,70%,France,3.5
Chocablog,Ecuador,1454,2015,70%,U.K.,3.25
Choco Del Sol,Maya Mountain w/ nibs,1407,2014,75%,Germany,3
Choco Del Sol,Maya Mountain,1407,2014,82%,Germany,3.25
Choco Dong,"Mekong Delta, early 2014 Harvest",1696,2015,70%,South Korea,2.75
Choco Dong,"Tawau, Oct. 2015 Harvest",1696,2015,70%,South Korea,3.5
Chocolarder,Peru,1482,2015,65%,U.K.,2.5
Chocolarder,Peru + nibs,1482,2015,65%,U.K.,2.75
Chocolarder,Dominican Republic,1514,2015,80%,U.K.,2.5
Chocola'te,Madagascar,647,2011,70%,U.S.A.,3.75
Chocola'te,Venezuela,647,2011,68%,U.S.A.,3.75
Chocolate Alchemist-Philly,"Tumbes, ""Zarumilla""",1772,2016,90%,U.S.A.,2.5
Chocolate Alchemist-Philly,"Philly Blend, 5 plantations",1772,2016,80%,U.S.A.,2.5
Chocolate Con Amor,Wild Bolivian,1760,2016,70%,U.S.A.,2.5
Chocolate Con Amor,Uganda,1760,2016,70%,U.S.A.,2.75
Chocolate Con Amor,Dominican Republic,1764,2016,60%,U.S.A.,3
Chocolate Con Amor,Dominican Republic,1764,2016,75%,U.S.A.,3
Chocolate Con Amor,Ocumare,1764,2016,80%,U.S.A.,3
Chocolate Con Amor,Ecuador,1764,2016,70%,U.S.A.,3.25
Chocolate Con Amor,Nicaragua,1768,2016,80%,U.S.A.,2.75
Chocolate Conspiracy,Peru,1259,2014,74%,U.S.A.,2.75
Chocolate Makers,Tres Hombres,1530,2015,75%,Amsterdam,3.25
Chocolate Makers,"Congo, Gorilla bar",1530,2015,68%,Amsterdam,3.5
Chocolate Makers,"Peru, Awagum bar",1530,2015,80%,Amsterdam,3.75
"Chocolate Tree, The",Maranon,1582,2015,69%,Scotland,3.75
"Chocolate Tree, The",Carenero Superior,1582,2015,80%,Scotland,3.75
"Chocolate Tree, The",Peru,1121,2013,70%,Scotland,3.75
"Chocolate Tree, The",Ecuador,919,2012,82%,Scotland,2.5
"Chocolate Tree, The",Peru,919,2012,68%,Scotland,2.75
"Chocolate Tree, The",Madagascar,919,2012,72%,Scotland,3.25
Chocolats Privilege,Xoconusco,1219,2014,70%,Canada,2.5
ChocoReko,Patanemo,1454,2015,77%,Japan,3
Chocosol,"Chiapas, Lacandon Jungle, Oaxacom Mtn",682,2011,65%,Canada,3.25
Chocovic,Xoconusco,478,2010,71%,Spain,3.25
Chocovic,Sambirano,478,2010,71%,Spain,3.5
Chocovic,Kendari,439,2009,60%,Spain,3.25
Chocovic,Tarakan,439,2009,75%,Spain,3.25
Chocovic,Ocumare,209,2008,71%,Spain,3.5
Chocovic,"Bolivar, Guaranda",117,2007,71%,Spain,2.5
Chocovic,Guyave,117,2007,71%,Spain,2.5
Chocovic,Maragda,117,2007,70%,Spain,3
Chocovivo,Tabasco,1522,2015,65%,U.S.A.,2.5
Chocovivo,Tabasco,1522,2015,75%,U.S.A.,2.5
Choklat,Ocumare,377,2009,80%,Canada,2.5
Choklat,"Porcelana, Tabasco",377,2009,70%,Canada,2.75
Choklat,Brazilian,377,2009,70%,Canada,3
Choklat,Brazilian,377,2009,80%,Canada,3
Choklat,Ocumare,377,2009,70%,Canada,3
Chokolat Elot (Girard),Guadeloupe,1149,2013,42%,Martinique,2.75
Choocsol,"Chiapas, Lacandon Jungle, Oaxacom Mtn",1832,2016,75%,Canada,3.25
Christopher Morel (Felchlin),"Maranon Canyon, Fortunato No. 4",666,2011,68%,Canada,3.75
Chuao Chocolatier,Choroni,445,2009,61%,U.S.A.,3
Chuao Chocolatier (Pralus),Chuao,486,2010,77%,U.S.A.,2.75
Claudio Corallo,Terreiro Velho P.,470,2010,73.50%,Sao Tome,3.75
Claudio Corallo,Terreiro Velho P. w/ sugar crystals,209,2008,80%,Sao Tome,3
Claudio Corallo,Terreiro Velho P.,227,2008,75%,Sao Tome,4
Claudio Corallo,Principe,252,2008,100%,Sao Tome,1
Cloudforest,"Camino Verde P., Balao, Guayas, 2014",1486,2015,73%,U.S.A.,3.5
Coleman & Davis,Sambirano,1646,2015,75%,U.S.A.,3
Compania de Chocolate (Salgado),Sur del Lago,579,2010,70%,Argentina,3.25
Compania de Chocolate (Salgado),Carenero Superior,292,2008,80%,Argentina,2.75
Compania de Chocolate (Salgado),Moxos,292,2008,72%,Argentina,3.25
Compania de Chocolate (Salgado),Ocumare,292,2008,70%,Argentina,3.75
Compania de Chocolate (Salgado),Esmeraldas,296,2008,88%,Argentina,2.75
Condor,Camino Verde,1630,2015,76%,U.S.A.,3.5
Confluence,"Tien Giang, 2015, batch 10-2-16",1916,2016,78%,U.S.A.,2.75
Coppeneur,"Ecuador, Puristique",1169,2013,65%,Germany,3.25
Coppeneur,Ghana Puristique,813,2012,85%,Germany,3.5
Coppeneur,Ecuador Puristique,817,2012,100%,Germany,1.5
Coppeneur,Uba Budo,821,2012,72%,Germany,3.75
Coppeneur,Madagascar,959,2012,70%,Germany,3.5
Coppeneur,Grenada,470,2010,72%,Germany,3.25
Coppeneur,Chuao,478,2010,70%,Germany,3
Coppeneur,"Los Rios, H. Iara",558,2010,72%,Germany,2.5
Coppeneur,Trinidad,558,2010,72%,Germany,3
Coppeneur,Jamaica,558,2010,72%,Germany,3.25
Coppeneur,Ocumare 61,558,2010,72%,Germany,3.25
Coppeneur,"Porcelana, Apotequil",341,2009,72%,Germany,3
Coppeneur,"Porcelana, Apotequil",445,2009,62%,Germany,3.25
Coppeneur,Chuao 100hr,451,2009,70%,Germany,3.5
Coppeneur,Chuao 70hr,451,2009,70%,Germany,3.75
Coppeneur,"Porcelana, Tabasco, Mexico",220,2008,72%,Germany,3
Coppeneur,"Porcelana, Venezuela",220,2008,72%,Germany,3
Coppeneur,"Sambirano, Menava P.",196,2007,72%,Germany,3
Cote d' Or (Kraft),Sensations Intense,48,2006,70%,Belgium,1
Cravve,New Ireland,1283,2014,70%,Australia,2.5
Cravve,"Vanuatu, batch 2410",1335,2014,83%,Australia,2.75
Cravve,"Tanzania, batch a1",971,2012,75%,Australia,3.25
Cravve,"Bahia, batch a1213",975,2012,65%,Australia,3.25
Cravve,"Namau Village, N. Taileva P., batch a2812",975,2012,67%,Australia,3.25
Cravve,Vanuatu,975,2012,64%,Australia,3.25
Cravve,Djual Island,975,2012,75%,Australia,3.5
Creo,"""heirloom"", Arriba Nacional",1736,2016,85%,U.S.A.,3.25
Creo,"""heirloom"", Arriba Nacional",1736,2016,73%,U.S.A.,3.75
Daintree,Goodman Estate,1654,2015,70%,Australia,2.75
Daintree,"Daintree Estates, N. Queensland",785,2011,70%,Australia,3.25
Dalloway,"Dominican Republic, batch 7",1928,2017,72%,U.S.A.,2.75
Damson,Robson Estate,1610,2015,70%,U.K.,3
Damson,Los Rios,1610,2015,70%,U.K.,3.5
Damson,Crayfish Bay aka Non Pariel Estate,1666,2015,70%,U.K.,2.25
Damson,O'Payo,1666,2015,70%,U.K.,2.75
Dandelion,"Zorzal Reserva, 2015 H., Kerchner",1816,2016,70%,U.S.A.,3.75
Dandelion,"Maya Mtn., Break Bar- Snark",1446,2015,70%,U.S.A.,3
Dandelion,Maya Mountain,1219,2014,70%,U.S.A.,3.5
Dandelion,"Camino Verde P., Balao, Guayas, 2013",1295,2014,70%,U.S.A.,3.5
Dandelion,Buto,1303,2014,70%,U.S.A.,2.75
Dandelion,"San Francisco de Macoris, Cibao region",1387,2014,70%,U.S.A.,3.75
Dandelion,"Cumboto, farmer Jose Lugo",1026,2013,70%,U.S.A.,2.75
Dandelion,Patanemo,1026,2013,70%,U.S.A.,3.25
Dandelion,"Mantuano, 2012",1085,2013,70%,U.S.A.,3.5
Dandelion,Papua New Guinea,1153,2013,70%,U.S.A.,3.5
Dandelion,Upala,805,2012,70%,U.S.A.,3
Dandelion,Colombian,805,2012,70%,U.S.A.,3.25
Dandelion,"Elvesia, 2011",915,2012,70%,U.S.A.,3.75
Dandelion,Dominican Republic,654,2011,70%,U.S.A.,3.25
Dandelion,Madagascar,654,2011,70%,U.S.A.,3.25
Dandelion,Tanzania,654,2011,70%,U.S.A.,3.25
Danta,Los Ujuxtes,1223,2014,82%,Guatemala,3.25
Danta,Chuao,987,2012,75%,Guatemala,3
Danta,Los Ujuxtes,987,2012,70%,Guatemala,3.75
Danta,Sambirano,987,2012,70%,Guatemala,3.75
Danta,Las Acacias E.,987,2012,70%,Guatemala,4
Danta,"Oscuro, Finca Chimelb",991,2012,70%,Guatemala,3.25
Danta,Los Ujuxtes,661,2011,60%,Guatemala,3.5
Danta,Las Acacias E.,423,2009,75%,Guatemala,3
Danta,Las Acacias E.,423,2009,60%,Guatemala,3.25
DAR,"Venezuela, batch 122",1920,2016,72%,U.S.A.,2.75
DAR,Vietnam,1920,2016,72%,U.S.A.,3
DAR,"DUO, batch 002",1920,2016,70%,U.S.A.,3.25
Dark Forest,Bolivia,1708,2016,75%,U.S.A.,3.25
Dark Forest,Madagascar,1550,2015,70%,U.S.A.,3
Dark Forest,Ocumare,1550,2015,70%,U.S.A.,3.25
Dark Forest,Tanzania,1554,2015,70%,U.S.A.,3
Dark Forest,Ecuador,1554,2015,70%,U.S.A.,3.25
Davis,Ghana,1093,2013,70%,U.S.A.,2.5
Davis,Rainforest,1093,2013,70%,U.S.A.,2.75
Davis,Venezuela,1093,2013,70%,U.S.A.,2.75
Davis,West Africa,907,2012,58%,U.S.A.,3.25
De Mendes,"Nativo, Varzea",1462,2015,72%,Brazil,3.5
De Mendes,"Selvagem, Jari",1462,2015,65%,Brazil,3.5
De Villiers,Bundibugyo District,1832,2016,70%,South Africa,2.5
De Villiers,"Sambirano Valley, batch 2477",1832,2016,70%,South Africa,3
Dean and Deluca (Belcolade),Madagascar,170,2007,66%,U.S.A.,2.5
Dean and Deluca (Belcolade),Costa Rica,175,2007,64%,U.S.A.,3
Dean and Deluca (Belcolade),Ecuador,175,2007,71%,U.S.A.,3
Dean and Deluca (Belcolade),Ghana,175,2007,60%,U.S.A.,3
Dean and Deluca (Belcolade),Papua New Guinea,180,2007,64%,U.S.A.,3
Dean and Deluca (Belcolade),Peru,180,2007,64%,U.S.A.,3
Debauve & Gallais (Michel Cluizel),Papua New Guinea,423,2009,64%,France,3
Debauve & Gallais (Michel Cluizel),Venezuela,263,2008,66%,France,3.75
Desbarres,"Kilombero, batch 41",1916,2016,72%,Canada,2.5
DeVries,Bolivian,241,2008,80%,U.S.A.,2.75
DeVries,Costa Rica,166,2007,77%,U.S.A.,3.5
DeVries,Dominican Republic,166,2007,77%,U.S.A.,3.5
Dick Taylor,Lanquin Estate,1952,2017,70%,U.S.A.,3.75
Dick Taylor,Tien Giang,1864,2016,78%,U.S.A.,3.5
Dick Taylor,"Alto Beni, Wild Harvest, Limited Ed.",1634,2015,70%,U.S.A.,3.75
Dick Taylor,Elvesia,1235,2014,74%,U.S.A.,3.5
Dick Taylor,"Ecuador, Choc. Garage Exclusive",1034,2013,70%,U.S.A.,3.25
Dick Taylor,Camino Verde,1193,2013,76%,U.S.A.,3.5
Dick Taylor,Bolivia,895,2012,75%,U.S.A.,2.75
Dick Taylor,Belize,955,2012,72%,U.S.A.,2.75
Dick Taylor,Sambirano,661,2011,80%,U.S.A.,2.75
Dick Taylor,Sambirano,661,2011,72%,U.S.A.,3
Dick Taylor,Mantuano,682,2011,75%,U.S.A.,2.75
Dick Taylor,La Red,769,2011,74%,U.S.A.,3
Dick Taylor,Ecuador,769,2011,70%,U.S.A.,3.25
Doble & Bignall,Puerto Cabello,1688,2015,85%,U.K.,3
Doble & Bignall,"Panama, Raven",1371,2014,72%,U.K.,3.25
Doble & Bignall,"Puerto Cabello, Mantuano",1371,2014,72%,U.K.,3.25
Doble & Bignall,Johe,1407,2014,72%,U.K.,3.5
Dole (Guittard),"O'ahu, N. Shore, Waialua Estate",311,2009,70%,U.S.A.,3.75
Dolfin (Belcolade),Africa,304,2008,88%,Belgium,3
Dolfin (Belcolade),Noir,63,2006,70%,Belgium,1.5
Domori,Hacienda Victoria,1672,2015,70%,Italy,3.75
Domori,Ocumare 77,1672,2015,70%,Italy,3.75
Domori,"IL100, H. San Jose",1109,2013,100%,Italy,3
Domori,Morogoro,863,2012,70%,Italy,3.5
Domori,Guasare,863,2012,70%,Italy,3.75
Domori,"Canoabo, Hacienda San Jose",693,2011,70%,Italy,3.5
Domori,"Chuao, Hacienda San Jose",470,2010,70%,Italy,3
Domori,"Carupano, H. San Jose",227,2008,70%,Italy,3
Domori,Teyuna,272,2008,70%,Italy,3
Domori,Blend No. 1,272,2008,78%,Italy,3.5
Domori,Ilblend,272,2008,70%,Italy,3.75
Domori,Porcelana,111,2007,70%,Italy,4
Domori,"Ocumare 61, Puertomar",129,2007,75%,Italy,3.25
Domori,Granella,135,2007,60%,Italy,3.25
Domori,Madagascar,135,2007,70%,Italy,3.5
Domori,Madagared,192,2007,70%,Italy,3.5
Domori,"Java, Javablond",192,2007,70%,Italy,3.75
Domori,Ecuador,192,2007,70%,Italy,4
Domori,"Ocumare 67, Puertofino",192,2007,70%,Italy,4
Domori,Sur del Lago Classificado,87,2006,70%,Italy,3
Domori,Apurimac,87,2006,70%,Italy,3.25
Domori,Carenero Superior,87,2006,70%,Italy,3.5
Dormouse,Non Pariel Estate,1880,2016,75%,U.K.,2.75
Dormouse,"Rio Caribe, Batch 7",1672,2015,70%,U.K.,2.5
Dormouse,"Colombia, Batch 9",1676,2015,80%,U.K.,2.75
Dormouse,"Madagascar, Batch 8",1676,2015,77%,U.K.,2.75
Duffy's,"Rio Dulce, Xoco",1662,2015,70%,U.K.,4
Duffy's,"Chuno, Xoco",1331,2014,70%,U.K.,3.5
Duffy's,"Rico Rugoso, Xoco",1331,2014,76%,U.K.,3.75
Duffy's,Ocumare,923,2012,72%,U.K.,3.75
Duffy's,"Indio Rojo, Xoco",623,2011,72%,U.K.,3.75
Duffy's,Dominican Republic,661,2011,65%,U.K.,3.5
Duffy's,"Bocas del Toro, Tierra Oscura",697,2011,72%,U.K.,3
Duffy's,"Nicaliso, Xoco",697,2011,71%,U.K.,3.25
Duffy's,Ocumare,765,2011,71%,U.K.,3.5
Duffy's,Panama,516,2010,70%,U.K.,3.5
Duffy's,"Corazon del Ecuador, Calceta beans",516,2010,72%,U.K.,3.75
Duffy's,Star of Ecuador,523,2010,70%,U.K.,2.5
Duffy's,Star of Peru,523,2010,70%,U.K.,3.75
Dulcinea,Dominican Republic,1506,2015,70%,U.S.A.,3.25
Durand,Madagascar,841,2012,82%,France,2.75
Durci,"Maranon, Joya Rara",1626,2015,70%,U.S.A.,3.5
Durci,"Rio Caribe, Tepui Treasure",1626,2015,70%,U.S.A.,3.5
Durci,Taino Secret,1630,2015,70%,U.S.A.,3.25
Durci,"Carenero, Empyrean Sabor",1630,2015,70%,U.S.A.,3.25
Durci,Corona Arriba,1630,2015,70%,U.S.A.,4
East Van Roasters,Peru,1343,2014,70%,Canada,3.25
East Van Roasters,Madagascar,1343,2014,70%,Canada,3.5
East Van Roasters,Dominican Republic,1343,2014,70%,Canada,3.75
Eau de Rose,Tumaco,1812,2016,70%,Canada,3.25
Eau de Rose,Arauca,1812,2016,70%,Canada,3.25
Eclat (Felchlin),"Maranon, Good & Evil, w/ nibs",919,2012,72%,U.S.A.,2.75
Edelmond,Porcelana,1876,2016,68%,Germany,3
El Ceibo,"Alto Beni, Covendo Region",709,2011,75%,Bolivia,3.75
El Ceibo,Alto Beni,252,2008,71%,Bolivia,2.75
El Rey,San Joaquin,1662,2015,70%,Venezuela,3.75
El Rey,"Rio Caribe, Cariaco",439,2009,60.50%,Venezuela,2.75
El Rey,"Rio Caribe, Macuro",439,2009,70%,Venezuela,3
El Rey,"Carenero Superior, Apamate",206,2008,74%,Venezuela,2.5
El Rey,"Carenero Superior, Bucare",206,2008,58%,Venezuela,2.5
El Rey,"Carenero Superior, Mijao",206,2008,61%,Venezuela,3
El Rey,"Carenero Superior, Gran Saman",32,2006,70%,Venezuela,2.75
Emerald Estate,Emerald Estate,1137,2013,60%,St. Lucia,2.75
Emerald Estate,Emerald Estate,1137,2013,70%,St. Lucia,3.25
Emily's,Patanemo,1450,2015,79%,Japan,3
Emily's,Peru,1454,2015,78%,Japan,3.5
ENNA,"Wampusirpi, batch 007",1916,2016,75%,U.S.A.,3.25
Enric Rovira (Claudio Corallo),Terreiro Velho P.,565,2010,80%,Spain,3.25
Erithaj (A. Morin),Ben Tre,1205,2014,70%,France,3.25
Erithaj (A. Morin),Ham Luong,1209,2014,80%,France,3
Erithaj (A. Morin),Ba Lai,1209,2014,74%,France,3.25
Escazu,Rio Caribe,903,2012,70%,U.S.A.,2.75
Escazu,Guapiles,414,2009,65%,U.S.A.,2
Escazu,Carenero Superior,423,2009,81%,U.S.A.,3.5
Escazu,"Carenero, Guapiles, Ocumare blend",431,2009,74%,U.S.A.,2.75
Escazu,Ocumare,252,2008,72%,U.S.A.,3
Ethel's Artisan (Mars),"Peru, Madagascar",666,2011,55%,U.S.A.,2.5
Ethel's Artisan (Mars),Trinidad,666,2011,55%,U.S.A.,2.5
Ethel's Artisan (Mars),Porcelana,666,2011,70%,U.S.A.,2.5
Ethel's Artisan (Mars),Red Vanilla,666,2011,62%,U.S.A.,2.75
Ethel's Artisan (Mars),"Venezuela, Trinidad",672,2011,62%,U.S.A.,2.5
Ethereal,Belize,1275,2014,80%,U.S.A.,3
Ethereal,Ecuador,1275,2014,80%,U.S.A.,3.5
Ethereal,Dominican Republic,1275,2014,80%,U.S.A.,3.75
Fearless (AMMA),"Monte Alegre, D. Badaro, Raw, Organic",565,2010,75%,U.S.A.,2.75
Feitoria Cacao,Blue Mountain,1732,2016,76%,Portugal,3
Feitoria Cacao,Cuyagua,1736,2016,76%,Portugal,2.5
Feitoria Cacao,Maya Mountain,1736,2016,76%,Portugal,2.75
Felchlin,Grenada,494,2010,58%,Switzerland,3.5
Felchlin,Supremo- SF,105,2006,62%,Switzerland,2
Felchlin,Elvesia P.,105,2006,74%,Switzerland,3
Felchlin,"Madagascar, Grand Cru",48,2006,64%,Switzerland,3
Felchlin,Maracaibo Clasificado,48,2006,65%,Switzerland,3
Felchlin,Arriba,48,2006,72%,Switzerland,3.5
Felchlin,"Alto Beni, Cru Savage",56,2006,68%,Switzerland,4
Finca,Puerto Rico,1283,2014,65%,U.S.A.,2.25
Finca,Dominican Republic,1283,2014,80%,U.S.A.,3
Finca,Dominican Republic,1283,2014,70%,U.S.A.,3.25
Finca,Dominican Republic,1287,2014,85%,U.S.A.,2.5
Forever Cacao,Rio Eni,1267,2014,72%,U.K.,2.75
Forteza (Cortes),Dominican Republic,1776,2016,70%,Puerto Rico,2.75
Forteza (Cortes),Puerto Rico,1776,2016,80%,Puerto Rico,2.75
Fossa,"Akesson's E., Sambirano V.",1772,2016,70%,Singapore,2.75
Fossa,"Camino Verde P., Balao, Guayas",1776,2016,75%,Singapore,3.5
Fossa,"Kokoa Kamili Coop, Kilombero",1776,2016,67%,Singapore,3.75
Franceschi,Choroni,1355,2014,70%,Venezuela,3.5
Franceschi,Ocumare,1355,2014,70%,Venezuela,3.75
Franceschi,Canoabo,911,2012,70%,Venezuela,3.75
Franceschi,Sur del Lago,915,2012,60%,Venezuela,3.5
Frederic Blondeel,Costa Rica,1538,2015,70%,Belgium,3.5
Frederic Blondeel,Peru Brutus,1538,2015,75%,Belgium,3.5
Frederic Blondeel,Vietnam,1542,2015,80%,Belgium,3
Frederic Blondeel,Ghana,1351,2014,60%,Belgium,3.5
Frederic Blondeel,Madagascar,1351,2014,65%,Belgium,3.5
French Broad,"Norandino, batch 161208",1940,2017,70%,U.S.A.,3.5
French Broad,Guatemala,1634,2015,73%,U.S.A.,3.5
French Broad,San Andres,1209,2014,80%,U.S.A.,3
French Broad,Matagalpa,1295,2014,68%,U.S.A.,3.25
French Broad,"Palo Blanco, Chulucanas",1042,2013,66%,U.S.A.,3.5
French Broad,Tumbes Coop,883,2012,70%,U.S.A.,2.5
French Broad,"Palo Blanco, Chulucanas",883,2012,61%,U.S.A.,3.5
French Broad,"Palo Blanco w/ panela, Chulucanas",887,2012,81%,U.S.A.,2
French Broad,"Maranon Canyon, Fortunato No. 4",781,2011,70%,U.S.A.,3.5
French Broad,La Red,785,2011,65%,U.S.A.,3.5
Fresco,"Maranon, #228, MR, SC",1383,2014,70%,U.S.A.,3
Fresco,"Maranon, #227, LR, MC",1383,2014,70%,U.S.A.,3.5
Fresco,"Maranon, #229, MR, LC",1383,2014,70%,U.S.A.,3.5
Fresco,"Maranon, #230, DR, LC",1387,2014,70%,U.S.A.,3.5
Fresco,"Conacado, #223, MR, SC",1030,2013,72%,U.S.A.,3.25
Fresco,"Conacado, #224, MR, MC",1081,2013,72%,U.S.A.,3.75
Fresco,"San Martin, Bellavista Coop, #226, DR, MC",1117,2013,70%,U.S.A.,3.75
Fresco,"Bellavista Coop, #225, LR, MC, CG Exclusive",1149,2013,70%,U.S.A.,4
Fresco,"Markham Valley, #219, LR, MC",899,2012,69%,U.S.A.,3.5
Fresco,"Markham Valley, #221, DR, MC",899,2012,69%,U.S.A.,3.5
Fresco,"Sambirano Valley, #216, MR, LC",915,2012,74%,U.S.A.,4
Fresco,"Markham Valley, #220, MR, MC",927,2012,69%,U.S.A.,4
Fresco,"Markham Valley, #222, LR, 0C",931,2012,69%,U.S.A.,3
Fresco,"Ghana, #211, MR, MC",636,2011,74%,U.S.A.,2.75
Fresco,"Jamaica, #209, DR, SC",642,2011,70%,U.S.A.,3.25
Fresco,"Conacado, #212, LR, SC",642,2011,72%,U.S.A.,3.5
Fresco,"Jamaica, #210, DR, MC",642,2011,70%,U.S.A.,3.5
Fresco,"Sambirano Valley, #214, LR, MC",682,2011,74%,U.S.A.,2.75
Fresco,"Conacado, #213, DR, -C",682,2011,72%,U.S.A.,3.25
Fresco,"Sambirano Valley, #215, MR, MC",688,2011,74%,U.S.A.,3
Fresco,"Chuao, #218, MR, MC",745,2011,76%,U.S.A.,3.25
Fresco,"Chuao, #217, DR, MC",745,2011,70%,U.S.A.,4
Fresco,"Jamaica, #204, DR, SC",370,2009,80%,U.S.A.,2.75
Fresco,"Jamaica, #206, DR, LC",370,2009,70%,U.S.A.,3
Fresco,"Jamaica, #205, DR, MC",370,2009,70%,U.S.A.,3.25
Fresco,"Carenero Superior, #203, MR, SC",370,2009,65%,U.S.A.,3.5
Friis Holm,"Rugoso, Bad Fermentation",1912,2016,70%,Denmark,3.5
Friis Holm (Bonnat),La Dalia,1680,2015,60%,Denmark,3
Friis Holm (Bonnat),La Dalia,1680,2015,85%,Denmark,3.25
Friis Holm (Bonnat),La Dalia,1259,2014,70%,Denmark,3.5
Friis Holm (Bonnat),"Barba, Xoco",1034,2013,70%,Denmark,3.25
Friis Holm (Bonnat),"Medagla, Xoco",1034,2013,70%,Denmark,3.5
Friis Holm (Bonnat),"Chuno, triple turned, Xoco",895,2012,70%,Denmark,3.25
Friis Holm (Bonnat),"Red Mayan, Xoco",899,2012,70%,Denmark,3.25
Friis Holm (Bonnat),"Chuno, double turned, Xoco",899,2012,70%,Denmark,3.25
Friis Holm (Bonnat),"Rugoso, Xoco",923,2012,70%,Denmark,3.75
Friis Holm (Bonnat),"Johe, Xoco",623,2011,70%,Denmark,3.25
Friis Holm (Bonnat),"Chuno, Xoco",623,2011,70%,Denmark,3.5
Friis Holm (Bonnat),"Nicaliso, Xoco",623,2011,70%,Denmark,3.5
Fruition,"Wild Bolivian, Batch 2",1780,2016,74%,U.S.A.,3.75
Fruition,"Coto Brus, Heirloom, Batch 1",1780,2016,74%,U.S.A.,4
Fruition,Gran Couva,1347,2014,70%,U.S.A.,3.75
Fruition,Maranon,1359,2014,76%,U.S.A.,3
Fruition,La Red,1046,2013,70%,U.S.A.,3.75
Fruition,Camino Verde,1185,2013,75%,U.S.A.,3
Fruition,Peru,863,2012,70%,U.S.A.,2.5
Fruition,Signature Blend,753,2011,66%,U.S.A.,3.25
Fruition,Costa Rica,781,2011,70%,U.S.A.,3
Garden Island,"Kaua'I, Alea Estate +world",1367,2014,85%,U.S.A.,2.5
Georgia Ramon,Akesson P.,1642,2015,65%,Germany,3.25
Georgia Ramon,ABOCFA Coop,1642,2015,70%,Germany,4
Georgia Ramon,Conacado Coop,1646,2015,70%,Germany,3.5
Georgia Ramon,Conacado Coop,1646,2015,80%,Germany,3.5
Georgia Ramon,Akesson P.,1646,2015,75%,Germany,3.5
Glennmade,"Toledo District, 2015 Harvest",1848,2016,70%,U.S.A.,3.5
Glennmade,Bahia,1672,2015,66%,U.S.A.,3
Goodnow Farms,"Almendra Blanca, batch 1004",1924,2016,77%,U.S.A.,2.75
Goodnow Farms,"El Carmen, batch 1003",1924,2016,77%,U.S.A.,3.25
Goodnow Farms,"Asochivite, batch 1005",1924,2016,77%,U.S.A.,3.25
Grand Place,"Ben Tre, Dong Nai",741,2011,72%,Vietnam,3
Green & Black's (ICAM),Dark,15,2006,70%,U.K.,2.5
Green Bean to Bar,Madagascar,1896,2016,70%,Japan,3.5
Grenada Chocolate Co.,Grenada,494,2010,82%,Grenada,3.25
Grenada Chocolate Co.,Grenada,363,2009,60%,Grenada,2.75
Grenada Chocolate Co.,Grenada,241,2008,71%,Grenada,2.5
Guido Castagna,Arriba,355,2009,64%,Italy,3
Guido Castagna,Ghana,355,2009,64%,Italy,3
Guido Castagna,Trinidad & Tobago,355,2009,64%,Italy,3
Guido Castagna,Lacri Blend,355,2009,76%,Italy,3
Guido Castagna,Blend,355,2009,64%,Italy,3.25
Guittard,"Epique, Blend No. 49",1602,2015,70%,U.S.A.,3.75
Guittard,Haiti,1053,2013,65%,U.S.A.,2.75
Guittard,Nicaragua,1053,2013,65%,U.S.A.,2.75
Guittard,Jamaica,1053,2013,65%,U.S.A.,3.25
Guittard,Ecuador,1053,2013,65%,U.S.A.,3.5
Guittard,Coucher du Soleil,654,2011,72%,U.S.A.,2.75
Guittard,Lever du Soleil,654,2011,61%,U.S.A.,3.25
Guittard,Onyx,654,2011,72%,U.S.A.,3.25
Guittard,Trinidad,552,2010,65%,U.S.A.,3
Guittard,"O'ahu, N. Shore, Waialua E., Kakoleka",316,2009,55%,U.S.A.,3
Guittard,Nocturne,387,2009,91%,U.S.A.,3
Guittard,Complexite,387,2009,70%,U.S.A.,3.5
Guittard,Machu Pichu,259,2008,65%,U.S.A.,3
Guittard,Special Maker Reserve,276,2008,64%,U.S.A.,3
Guittard,Ocumare,276,2008,65%,U.S.A.,3.5
Guittard,Quetzalcoatl,147,2007,72%,U.S.A.,3.5
Guittard,Chucuri,15,2006,65%,U.S.A.,3
Guittard,Sur del Lago,87,2006,65%,U.S.A.,2.5
Guittard,"Sambirano, Ambanja",87,2006,65%,U.S.A.,3.5
Guittard,"Los Rios, Quevedo",93,2006,65%,U.S.A.,3.5
Guittard,Tsaranta,93,2006,61%,U.S.A.,3.5
Guittard,Semisweet,99,2006,61%,U.S.A.,3
Habitual,Papua New Guinea,1197,2014,80%,Canada,2.75
Habitual,Campesino w/ nibs,1197,2014,74%,Canada,2.75
Habitual,Dominican Republic,1197,2014,75%,Canada,3.25
Habitual,Trinitario,1197,2014,70%,Canada,3.5
Habitual,Downtown London,1201,2014,65%,Canada,2.75
Habitual,Africa meets Latina,1201,2014,70%,Canada,3
Habitual,Amazonas,1201,2014,80%,Canada,3
Habitual,Sharkey,1201,2014,66%,Canada,3.25
Habitual,one hundred,1205,2014,100%,Canada,2
Hachez,Arriba,166,2007,77%,Germany,2.5
Hacienda El Castillo,Don Homero- Cerecita Valley,1327,2014,55%,Ecuador,2.75
Hacienda El Castillo,Don Homero- Cerecita Valley,1327,2014,70%,Ecuador,3
Haigh,South America and Africa,701,2011,70%,Australia,3
Harper Macaw,"Vale do Juliana, w/ nibs",1808,2016,85%,U.S.A.,3.25
Harper Macaw,Brazil Blend,1696,2015,67%,U.S.A.,3
Harper Macaw,"Tome Acu E., Amazon Rainforest",1700,2015,77%,U.S.A.,3.5
Harper Macaw,"Vale do Juliana E., Atlantic Forest",1700,2015,74%,U.S.A.,3.5
Heilemann,Peru,1876,2016,64%,Germany,2.75
Heirloom Cacao Preservation (Brasstown),"Maya Mtn, Moho R., Toledo D., 2015",1748,2016,70%,U.S.A.,3.25
Heirloom Cacao Preservation (Fruition),"Cota Brus, Terciopelo, 2015",1748,2016,74%,U.S.A.,3.5
Heirloom Cacao Preservation (Guittard),"Alto Beni, Upper Rio Beni, 2014",1239,2014,67%,U.S.A.,3.5
Heirloom Cacao Preservation (Guittard),"Wild Beni, Lower Rio Beni, Tranquilidad, 2014",1243,2014,67%,U.S.A.,3
Heirloom Cacao Preservation (Guittard),"Los Rios, Hacienda Limon, Orecao, 2014",1243,2014,67%,U.S.A.,3.75
Heirloom Cacao Preservation (Guittard),"Maunawili, O'ahu, Agri Research C., 2014",1243,2014,67%,U.S.A.,3.75
Heirloom Cacao Preservation (Manoa),"Maunawili, O'ahu, Agri Research C., 2015",1744,2016,72%,U.S.A.,3.5
Heirloom Cacao Preservation (Millcreek),"Los Rios, Hacienda Limon, Orecao, 2015",1744,2016,70%,U.S.A.,3.5
Heirloom Cacao Preservation (Mindo),"Pinchincha, Mindo, Coop Nueva Esper., 2015",1748,2016,77%,U.S.A.,3.5
Heirloom Cacao Preservation (Zokoko),"Alto Beni, Upper Rio Beni, 2015",1744,2016,68%,U.S.A.,3.75
Heirloom Cacao Preservation (Zokoko),"Wild Beni, Lower Rio Beni, Tranquilidad, 2015",1744,2016,72%,U.S.A.,4
hello cocoa,Uganda,1458,2015,57%,U.S.A.,2.75
hello cocoa,Venezuela,1462,2015,74%,U.S.A.,3.5
hexx,Tanzania,1546,2015,70%,U.S.A.,2.75
hexx,Madagascar,1546,2015,74%,U.S.A.,3
hexx,Venezuela,1546,2015,70%,U.S.A.,3
hexx,Ecuador,1550,2015,73%,U.S.A.,3.25
hexx,Peru,1550,2015,70%,U.S.A.,3.25
Hogarth,Akesson's Estate,1712,2016,70%,New Zealand,2.75
Hogarth,Carenero Superior,1712,2016,72%,New Zealand,2.75
Hogarth,Conacado,1712,2016,75%,New Zealand,3.25
Hogarth,Gran Blanco,1712,2016,66%,New Zealand,3.5
Hoja Verde (Tulicorp),Arriba,414,2009,80%,Ecuador,2
Hoja Verde (Tulicorp),Manabi,414,2009,80%,Ecuador,2.5
Hoja Verde (Tulicorp),Arriba,414,2009,72%,Ecuador,3
Hoja Verde (Tulicorp),Arriba,414,2009,58%,Ecuador,3.25
Hoja Verde (Tulicorp),Manabi,414,2009,58%,Ecuador,3.5
Holy Cacao,Maranon,1872,2016,70%,Israel,2.75
Holy Cacao,"Camino Verde P., Balao, Guayas",1466,2015,70%,Israel,3.5
Holy Cacao,Sambirano,1466,2015,70%,Israel,3.5
Holy Cacao,Gran Couva,1466,2015,70%,Israel,3.5
Holy Cacao,Mara,1466,2015,70%,Israel,3.5
Holy Cacao,Ivory Coast,431,2009,70%,Israel,2.5
Holy Cacao,Hispaniola,431,2009,70%,Israel,2.75
Holy Cacao,San Martin,431,2009,70%,Israel,3.5
Holy Cacao,Hispaniola w/ nibs,431,2009,75%,Israel,3.75
Honest,"Ecuador, w/ nibs",1327,2014,72%,South Africa,2.5
Hotel Chocolat,"Pepiniere, single Cote",1654,2015,70%,U.K.,2.75
Hotel Chocolat,"Marcial, single Cote, 2012",1030,2013,70%,U.K.,4
Hotel Chocolat,"Island Growers, 2012, 120hr c.",1113,2013,100%,U.K.,1.75
Hotel Chocolat (Coppeneur),Trinidad,1038,2013,75%,U.K.,3
Hotel Chocolat (Coppeneur),Mekong Delta & Dong Nai,1038,2013,80%,U.K.,3.5
Hotel Chocolat (Coppeneur),"Los Rios, H. Iara",1065,2013,90%,U.K.,3
Hotel Chocolat (Coppeneur),"Somia Plantation, Akesson, 2012",1065,2013,72%,U.K.,3
Hotel Chocolat (Coppeneur),"Los Rios, H. Iara, 2012",1065,2013,82%,U.K.,3.5
Hotel Chocolat (Coppeneur),"Chanchamayo, Pichanadi, 2012, 60hr c.",1109,2013,100%,U.K.,2.75
Hotel Chocolat (Coppeneur),"Los Rios, H. Iara, 2012, 120hr c.",1113,2013,100%,U.K.,2.5
Hotel Chocolat (Coppeneur),"Conacado, 2012, 120hr c.",1113,2013,100%,U.K.,2.75
Hotel Chocolat (Coppeneur),Sambirano,809,2012,66%,U.K.,3.5
Hotel Chocolat (Coppeneur),"Los Rios, H. Iara, 96hr c.",623,2011,80%,U.K.,3
Hotel Chocolat (Coppeneur),"Island Growers, 120hr c.",623,2011,65%,U.K.,3
Hotel Chocolat (Coppeneur),"Island Growers, 96hr c.",623,2011,65%,U.K.,3.25
Hotel Chocolat (Coppeneur),Ecuador,552,2010,70%,U.K.,2.75
Hotel Chocolat (Coppeneur),Santo Domingo,552,2010,70%,U.K.,3
Hotel Chocolat (Coppeneur),Chuao,600,2010,70%,U.K.,2.75
Hotel Chocolat (Coppeneur),St. Lucia,245,2008,72%,U.K.,3
Hotel Chocolat (Coppeneur),Uganda,296,2008,80%,U.K.,2.5
Hotel Chocolat (Coppeneur),Tanzania,296,2008,75%,U.K.,2.75
Hotel Chocolat (Coppeneur),Uba Budo,300,2008,72%,U.K.,3
Hummingbird,Lam Dong,1542,2015,70%,Canada,3.5
Hummingbird,Bolivia,1307,2014,70%,Canada,3
Hummingbird,"Bolivia, Bo-nib-ia, w/ nibs",1311,2014,70%,Canada,3
Hummingbird,Momotombo,1311,2014,70%,Canada,3
Hummingbird,Hispaniola,1311,2014,70%,Canada,3.75
Hummingbird,Zorzal Reserva w/ Charles Kerchner,1387,2014,70%,Canada,3.5
Hummingbird,"Ocumare, Cumboto",1097,2013,70%,Canada,3.25
Hummingbird,Amazonas,1097,2013,70%,Canada,3.75
Idilio (Felchlin),"Chuao, Venezuela",1085,2013,72%,Switzerland,3.75
Idilio (Felchlin),Coopertiva Amazona,725,2011,72%,Switzerland,3.75
Idilio (Felchlin),"Sur del Lago, Amiari Meridena, Zulia, 48hr c.",725,2011,72%,Switzerland,3.75
Idilio (Felchlin),"Choroni, Finca Torres, 48hr c.",729,2011,72%,Switzerland,3.25
Idilio (Felchlin),"Ocumare, H. Cata, 48hr c.",733,2011,72%,Switzerland,3.75
Idilio (Felchlin),"Porcelana, Zulia",733,2011,74%,Switzerland,4
Idilio (Felchlin),"Ocumare, H. Cata, w/ nibs",737,2011,72%,Switzerland,3.5
Idilio (Felchlin),"Carenero Superior, Urrutia, Barlovento",737,2011,70%,Switzerland,4
Idilio (Felchlin),Coopertiva Amazona w/ nibs,737,2011,72%,Switzerland,4
Idilio (Felchlin),"Sur del Lago, Amiari Meridena, Zulia, w/ nibs",737,2011,72%,Switzerland,4
Indah,India (south),1788,2016,61%,India,2.5
Indaphoria,La Red,821,2012,70%,U.S.A.,3.25
Indaphoria,"Conacado, Manifesto",907,2012,70%,U.S.A.,2.75
Indi,Honduras,1255,2014,77%,U.S.A.,3
iQ Chocolate,"Satipo region, white label",943,2012,72%,Scotland,2.75
iQ Chocolate,black label,943,2012,72%,Scotland,3
Isidro,Madagascar,1275,2014,72%,U.S.A.,3.5
Isidro,Peru,1279,2014,72%,U.S.A.,2.25
Isidro,Belize,1279,2014,72%,U.S.A.,3.25
Isidro,Dominican Republic,1279,2014,72%,U.S.A.,3.25
Izard,"Maya Mountain, Toledo, Batch 29",1542,2015,70%,U.S.A.,3.5
Izard,"Elvesia P., Batch 32",1546,2015,70%,U.S.A.,2.75
Jacque Torres,Trinatario Treasure,5,2006,71%,U.S.A.,2
Jordis,Madagascar,1534,2015,63%,Czech Republic,2.75
Just Good Chocolate,Belize,1375,2014,70%,U.S.A.,3.5
Just Good Chocolate,Madagascar,1375,2014,70%,U.S.A.,3.5
Just Good Chocolate,Peru,1375,2014,70%,U.S.A.,4
Kah Kow,"Rizek Cacao, Cibao Valley, Domin. Rep.",1061,2013,70%,Domincan Republic,3.5
Kah Kow,"Rizek Cacao, Domin. Rep.",1069,2013,82%,Domincan Republic,3
Kah Kow,"Rizek Cacao, Domin. Rep.",1069,2013,55%,Domincan Republic,3.25
Kah Kow,"Rizek Cacao, Domin. Rep.",1073,2013,62%,Domincan Republic,3.25
Kakao,Peru,837,2012,64%,Germany,2.5
Kakao,Vanuatu,387,2009,65%,Germany,3.75
Kallari (Ecuatoriana),Sisa 36hr/ W. F. blend prototype,241,2008,70%,Ecuador,3
Kallari (Ecuatoriana),Sisa's Secret/ original micro,241,2008,70%,Ecuador,3.5
Kallari (Ecuatoriana),Roberto,245,2008,75%,Ecuador,2.75
Kallari (Ecuatoriana),Diego/ original micro,248,2008,85%,Ecuador,2.5
Kallari (Ecuatoriana),Diego 48hr/ W.F. blend prototype,248,2008,85%,Ecuador,2.75
Kallari (Ecuatoriana),Diego 60hr/ W.F. blend prototype,248,2008,85%,Ecuador,3
Kallari (Ecuatoriana),Cacao Nacional W.F.,263,2008,75%,Ecuador,2.5
Kallari (Ecuatoriana),Cacao Nacional W.F.,269,2008,85%,Ecuador,3
Kaoka (Cemoi),Noir,404,2009,70%,France,2.75
Kaoka (Cemoi),Ecuador,423,2009,80%,France,2.75
Kerchner,"La Red, Project Reserva, Guaconejo",1133,2013,70%,U.S.A.,3.75
Ki' Xocolatl,Dark,431,2009,72%,Mexico,2
Kiskadee,"La Red, Guanconjeco",1251,2014,60%,U.S.A.,3
Kto,San Martin,1422,2014,72%,U.S.A.,2.5
Kto,Ocumare,1422,2014,72%,U.S.A.,2.75
Kto,Belize,1422,2014,72%,U.S.A.,3
Kto,Sambirano Valley,1422,2014,72%,U.S.A.,3.25
Kto,Belize,1426,2014,90%,U.S.A.,3.25
Kto,Elvesia,1426,2014,72%,U.S.A.,3.25
Kto,ROIG,1426,2014,72%,U.S.A.,3.25
K'ul,"Kafupbo, Petit Bourg, De Borgnes",1840,2016,70%,U.S.A.,3.25
K'ul,"Maranon, Fortunato No. 4",1852,2016,70%,U.S.A.,2.75
K'ul,"Los Rios, Hacienda Limon, Heirloom",1852,2016,70%,U.S.A.,3.75
K'ul,"Bahia, Fazenda Camboa",1852,2016,70%,U.S.A.,3.75
Kyya,Uganda,1359,2014,72.50%,U.S.A.,2.5
Kyya,Hispaniola,1359,2014,72.50%,U.S.A.,3
Kyya,Ecuador,1363,2014,72.50%,U.S.A.,2.5
Kyya,Madagascar,1363,2014,72.50%,U.S.A.,3
L.A. Burdick (Felchlin),Peru,891,2012,74%,U.S.A.,3.25
L.A. Burdick (Felchlin),Brazil,891,2012,70%,U.S.A.,4
L.A. Burdick (Felchlin),Chuao,927,2012,68%,U.S.A.,3.75
L.A. Burdick (Felchlin),Quito,682,2011,74%,U.S.A.,3.75
L.A. Burdick (Felchlin),Grenada,576,2010,75%,U.S.A.,3.25
L.A. Burdick (Felchlin),Dominican Republic,576,2010,74%,U.S.A.,3.75
L.A. Burdick (Felchlin),Venzuela,597,2010,71%,U.S.A.,3
L.A. Burdick (Felchlin),Madagascar,431,2009,64%,U.S.A.,3.5
L.A. Burdick (Felchlin),Bolivian,451,2009,68%,U.S.A.,3
La Chocolaterie Nanairo,"Lumas, 2015 Harvest, Batch 6, brown sugar",1892,2016,70%,Japan,2.25
La Chocolaterie Nanairo,"Lumas, 2015 Harvest, Batch 7",1892,2016,70%,Japan,2.5
La Chocolaterie Nanairo,"Tumbes, 2013 Harvest, Batch 8",1892,2016,70%,Japan,3
La Chocolaterie Nanairo,"Belize, 2014 Harvest, Batch 9",1892,2016,70%,Japan,3
La Maison du Chocolat (Valrhona),"Cuana, 2013",1121,2013,74%,France,2.75
La Maison du Chocolat (Valrhona),Tobago,1145,2013,60%,France,3.25
La Maison du Chocolat (Valrhona),"Acarigua, w/ nibs",1189,2013,56%,France,3.25
La Maison du Chocolat (Valrhona),Loma Sotavento,891,2012,66%,France,3.5
La Maison du Chocolat (Valrhona),Grenada,741,2011,68%,France,3.5
La Maison du Chocolat (Valrhona),Akosombo,346,2009,68%,France,3.25
La Maison du Chocolat (Valrhona),"Porcelana, Pariguan",346,2009,69%,France,3.5
La Maison du Chocolat (Valrhona),Kuruba,439,2009,60%,France,3
La Maison du Chocolat (Valrhona),Orinoco,445,2009,60%,France,3.75
La Maison du Chocolat (Valrhona),"Cuana, 2008",230,2008,74%,France,3.5
La Oroquidea,Peruvian Amazon,721,2011,72%,Peru,2.5
La Pepa de Oro,Vinces,713,2011,60%,Ecuador,3.25
Laia aka Chat-Noir,"Madagascar, Batch 59/100",1590,2015,75%,France,2.75
Laia aka Chat-Noir,"Vietnam, Batch 50/100",1590,2015,75%,France,2.75
Laia aka Chat-Noir,"Cuba, Batch 59/100",1590,2015,75%,France,3
Laia aka Chat-Noir,"Peru, Batch 51/100",1590,2015,75%,France,3.25
Laia aka Chat-Noir,"Ivory Coast, Batch 56/100",1594,2015,75%,France,3
Laia aka Chat-Noir,"Sao Tome, Batch 151",1638,2015,75%,France,3.5
Laia aka Chat-Noir,"Bahia, Batch 148",1642,2015,75%,France,3.25
Laia aka Chat-Noir,"Lam Dong, Batch 153",1642,2015,75%,France,3.75
Laia aka Chat-Noir,Cuba,1434,2014,70%,France,2.75
Laia aka Chat-Noir,Trinidad-Tobago,1438,2014,68%,France,2.75
Lajedo do Ouro,Catongo,927,2012,70%,Brazil,3.5
Lake Champlain (Callebaut),Tanzania,327,2009,75%,U.S.A.,2.5
L'Amourette,Rugoso,1784,2016,80%,U.S.A.,3.5
L'Amourette,Carenero Superior,833,2012,75%,U.S.A.,3
L'Amourette,Rio Caribe,833,2012,75%,U.S.A.,3
L'Amourette,Blend,853,2012,72%,U.S.A.,3
Letterpress,"La Masica, Batch 7, FHIA",1952,2017,70%,U.S.A.,3.5
Letterpress,"Maya Mtn, Batch 18, Heirloom",1952,2017,70%,U.S.A.,3.25
Letterpress,Liberia,1728,2016,70%,U.S.A.,3.25
Letterpress,Beniamo,1562,2015,70%,U.S.A.,3.25
Letterpress,"San Juan Estate, Gran Couva",1562,2015,70%,U.S.A.,3.5
Letterpress,San Andres,1566,2015,70%,U.S.A.,3
Letterpress,"La Red, Guaconejo",1566,2015,70%,U.S.A.,3.25
Letterpress,Kokoa Kamili,1566,2015,70%,U.S.A.,3.5
Letterpress,Maranura,1371,2014,70%,U.S.A.,3.5
Levy,Sambirano,1231,2014,71%,Finland,3.5
Lilla,Madagascar,1856,2016,70%,Finland,3
Lillie Belle,Perfect Illusion,855,2012,65%,U.S.A.,3.5
Lillie Belle,"Bolivia, Wild Thing",903,2012,68%,U.S.A.,3.5
Lillie Belle,La Selva,903,2012,68%,U.S.A.,3.75
Lillie Belle,Purple Haze,947,2012,75%,U.S.A.,2.75
Lillie Belle,"The Other One, Grand Cru",947,2012,74%,U.S.A.,3
Lillie Belle,Wild Thing,947,2012,68%,U.S.A.,3.5
Lindt & Sprungli,Excellence (US Version),157,2007,85%,Switzerland,3
Loiza,Puerto Rico,1049,2013,65%,Puerto Rico,2.5
Lonohana,"Haleiwa, O'ahu; Lonohana E., Kanahiku",1383,2014,70%,U.S.A.,3.75
Lonohana,"Haleiwa E, O'ahu, 2014",1395,2014,65%,U.S.A.,3.25
Lonohana,"Haleiwa E, O'ahu, 2014",1395,2014,75%,U.S.A.,3.75
Lonohana,"Opaeula Estate, O'ahu, Nene, CG Exclusive",1093,2013,71%,U.S.A.,3
Lonohana,"Opaeula Estate, O'ahu, Ele'ele",1097,2013,72%,U.S.A.,3
Lonohana,"Hawaiian Crown, Kona Vanilla",1097,2013,70%,U.S.A.,3.5
Love Bar,Nicaragua,1502,2015,75%,U.S.A.,2
Luker,Selva,552,2010,46%,Colombia,2.75
Luker,Macondo,552,2010,60%,Colombia,3
Luker,Misterio,552,2010,58%,Colombia,3
Luker,Santander,552,2010,65%,Colombia,3.5
Machu Picchu Trading Co.,Peru,721,2011,70%,Peru,1.5
Machu Picchu Trading Co.,Peru,552,2010,55%,Peru,2.25
Madecasse (Cinagra),Madagascar,284,2008,67%,Madagascar,3.5
Madecasse (Cinagra),Madagascar,284,2008,70%,Madagascar,3.75
Madecasse (Cinagra),Madagascar,284,2008,63%,Madagascar,4
Madecasse (Cinagra),Madagascar,288,2008,75%,Madagascar,3.5
Madre,Guadalcanal,1940,2017,73%,U.S.A.,3.5
Madre,Puerto Rico,1085,2013,70%,U.S.A.,2.75
Madre,Brazil,1085,2013,70%,U.S.A.,3.5
Madre,"Choobua, Kona",1089,2013,70%,U.S.A.,2.75
Madre,"Xocunusco, Chiapas, Pichucalco",1089,2013,70%,U.S.A.,2.75
Madre,"Hamakua Coast, Kokoleka",991,2012,70%,U.S.A.,3.25
Madre,"Criollo, Hawaii",995,2012,70%,U.S.A.,3.25
Madre,Kaua'i,995,2012,70%,U.S.A.,3.5
Madre,Dominican,672,2011,70%,U.S.A.,2.5
Madre,Upala,693,2011,70%,U.S.A.,2.75
Madre,"Chiapas, Triple Cacao",607,2010,72%,U.S.A.,2.75
Maglio,Africa,300,2008,75%,Italy,2
Maglio,Ecuador,308,2008,70%,Italy,3
Maglio,Cuba,308,2008,70%,Italy,3.25
Maglio,Santo Domingo,308,2008,70%,Italy,3.75
Majani,Ecuador,531,2010,70%,Italy,2
Malagasy (Chocolaterie Robert),Sambirano 2006,184,2007,75%,Madagascar,2.75
Malagasy (Chocolaterie Robert),Mora Mora 2006,184,2007,73%,Madagascar,3.5
Malagos,"Davao, Mt. Talamo foothills",1121,2013,65%,Philippines,3.5
Malie Kai (Guittard),"O'ahu, N. Shore, Waialua Estate w/ nibs",502,2010,55%,U.S.A.,3.5
Malie Kai (Guittard),"O'ahu, N. Shore, Waialua Estate",311,2009,55%,U.S.A.,2.75
Malmo,Chuao,1856,2016,70%,Sweden,3
Mana,Ecuador,1446,2015,74%,U.S.A.,2.5
Mana,Peru,1219,2014,74%,U.S.A.,2.5
Mana,Venezuela,1219,2014,74%,U.S.A.,2.75
Mana,Conacado,821,2012,74%,U.S.A.,3.75
Manifesto Cacao,Colombia,1331,2014,70%,Colombia,2.75
Manoa,Markham Valley,1522,2015,72%,U.S.A.,3.5
Manoa,Coto Brus,1522,2015,72%,U.S.A.,3.75
Manoa,"Waiahole, O'ahu",1089,2013,72%,U.S.A.,3.75
Manoa,"Liberia, #174",1003,2012,72%,U.S.A.,3.25
Manoa,"Hamakua, Hawaiian Crown, #176",1007,2012,72%,U.S.A.,2.75
Manoa,Piura,1007,2012,72%,U.S.A.,3
Manoa,"Oahu, Winward, #151, Maunawili district",1007,2012,72%,U.S.A.,3.25
Manufaktura Czekolady,Johe,1844,2016,70%,Poland,3.75
Manufaktura Czekolady,Peru,1848,2016,70%,Poland,3.5
Manufaktura Czekolady,Porcelana,1255,2014,70%,Poland,3.75
Manufaktura Czekolady,Kolumbia,1279,2014,85%,Poland,3.5
Manufaktura Czekolady,Grand Cru Dominican Republic,871,2012,70%,Poland,3.25
Manufaktura Czekolady,Grand Cru Ghana,871,2012,70%,Poland,3.5
Manufaktura Czekolady,Grand Cru Ecuador,875,2012,70%,Poland,3.25
Map Chocolate,"Ben Tre, Surprise Valley",1896,2016,75%,U.S.A.,3.25
Map Chocolate,"ROIG, 2014",1474,2015,70%,U.S.A.,3.5
Map Chocolate,"Maranon, 2014",1474,2015,62%,U.S.A.,3.5
Map Chocolate,Ecuador,1478,2015,70%,U.S.A.,3.5
Map Chocolate,"San Juan Estate, Cherry Blossoms at Night",1606,2015,70%,U.S.A.,2.75
Map Chocolate,"A case of the Xerces Blues, triple roast",1606,2015,70%,U.S.A.,3.5
Map Chocolate,"Tumbes, Dear Mr. Finley, 2014",1606,2015,68%,U.S.A.,3.5
Map Chocolate,Colombia,1610,2015,75%,U.S.A.,2.75
Map Chocolate,"Kakoa Kamili, Both Man & Bird & Beast",1610,2015,72%,U.S.A.,3
Map Chocolate,Le Chocolat Chaud,1634,2015,78%,U.S.A.,3.5
Marana,Piura,1872,2016,70%,Peru,3
Marana,Cusco,1884,2016,70%,Peru,2.75
Marana,San Martin,1884,2016,70%,Peru,3
Marigold's Finest,Cacao Nib Crunch,1808,2016,75%,Canada,3.25
Marou,"Tan Phu Dong Island, Heart of Darkness",1650,2015,85%,Vietnam,3.25
Marou,Ben Tre,1650,2015,68%,Vietnam,3.5
Marou,"Dak Lak, Batch 2451",1650,2015,70%,Vietnam,3.75
Marou,"Tan Phu Dong, Treasure Island",1149,2013,75%,Vietnam,3.5
Marou,Ba Ria,845,2012,76%,Vietnam,3.5
Marou,Dong Nai,845,2012,72%,Vietnam,3.5
Marou,"Tien Giang, Gao Co-op",845,2012,70%,Vietnam,3.5
Marou,Ben Tre,849,2012,78%,Vietnam,3.5
Marou,Tien Giang,895,2012,80%,Vietnam,3
Marou,Lam Dong,955,2012,74%,Vietnam,3.5
Mars,"Matina 1-6, prototype",537,2010,65%,U.S.A.,3
Mars,Ivory Coast,544,2010,65%,U.S.A.,3
Mars,Nigeria,544,2010,65%,U.S.A.,3.25
Mars,"Ghana, prototype",544,2010,65%,U.S.A.,3.5
Marsatta,Dominican Republic,1189,2013,74%,U.S.A.,2.25
Marsatta,Dominican Republic,1189,2013,89%,U.S.A.,2.5
Martin Mayer,Alto Beni,1836,2016,76%,Austria,2.75
Martin Mayer,Pisa,1836,2016,82%,Austria,3
Martin Mayer,Tumaco,1836,2016,74%,Austria,3.25
Mast Brothers,Guatemala,1450,2015,76%,U.S.A.,3
Mast Brothers,Tanzania,1450,2015,74%,U.S.A.,3.25
Mast Brothers,French Laundry 20th Anniversary,1359,2014,75%,U.S.A.,3.75
Mast Brothers,Shake Shack,959,2012,73%,U.S.A.,3.5
Mast Brothers,Madagascar,999,2012,72%,U.S.A.,2.5
Mast Brothers,Chuao,999,2012,73%,U.S.A.,2.75
Mast Brothers,Brooklyn Blend,672,2011,72%,U.S.A.,3.5
Mast Brothers,"Chuao, Med. Roast",701,2011,76%,U.S.A.,3
Mast Brothers,"Chuao, Dark Roast",709,2011,70%,U.S.A.,3
Mast Brothers,"Chuao, Light Roast",713,2011,81%,U.S.A.,2.75
Mast Brothers,Moho River,773,2011,70%,U.S.A.,3.5
Mast Brothers,Papua New Guinea,777,2011,71%,U.S.A.,2.75
Mast Brothers,San Martin,777,2011,75%,U.S.A.,3
Mast Brothers,Conacado,777,2011,73%,U.S.A.,3.25
Mast Brothers,"La Red de Guanconejo, N. Highlands coop",777,2011,74%,U.S.A.,3.75
Mast Brothers,Patanemo,572,2010,81%,U.S.A.,2.75
Mast Brothers,Ocumare de la Costa,572,2010,75%,U.S.A.,3
Mast Brothers,"Dominican Republic, Coop",572,2010,70%,U.S.A.,3.25
Matale,"Malekula P., 2013",1177,2013,72%,Australia,3.5
Matale,"Somia, 2013",1177,2013,68%,Australia,4
Matale,"Kulili P., 2013",1177,2013,74%,Australia,4
Matale,Blend,1181,2013,70%,Australia,3.75
Maverick,Maya Mountain,1367,2014,70%,U.S.A.,3.25
Maverick,Elvesia,1367,2014,70%,U.S.A.,3.25
Maverick,Tumbes,1430,2014,82%,U.S.A.,3.25
Maverick,"Morropon, Norandiono Coop, Piura",1430,2014,63%,U.S.A.,3.5
Mayacama,Hispaniola,1728,2016,72%,U.S.A.,3
Meadowlands,Bolivia,1287,2014,70%,U.S.A.,2.5
Meadowlands,Venezuela,1287,2014,70%,U.S.A.,2.75
Meadowlands,Belize,1287,2014,70%,U.S.A.,3
Meadowlands,"Nicaragua, w/ inbs",1291,2014,70%,U.S.A.,3
Meadowlands,Dominican Republic,1291,2014,70%,U.S.A.,3.5
Menakao (aka Cinagra),Madagascar,837,2012,80%,Madagascar,2.5
Menakao (aka Cinagra),Madagascar,841,2012,72%,Madagascar,2.5
Mesocacao,El Salvador,1494,2015,80%,Honduras,2.75
Mesocacao,El Salvador,1494,2015,70%,Honduras,3
Mesocacao,Honduras,1347,2014,80%,Honduras,3.25
Mesocacao,Honduras,1347,2014,70%,Honduras,3.5
Mesocacao,"La Tronca, Matagalpa",1351,2014,70%,Honduras,3.25
Mesocacao,"La Tronca, Matagalpa",1351,2014,80%,Honduras,3.5
Metiisto,"Fazenda Sempre Firme P., Bahia",1267,2014,70%,Sweden,3
Metiisto,Akesson Estate,1267,2014,72%,Sweden,3.5
Metropolitan,South America,1688,2015,70%,Amsterdam,3.5
Michel Cluizel,"Chiapas, Mokaya P.",963,2012,66%,France,3.75
Michel Cluizel,"Carenero Superior, Concepcion",117,2007,66%,France,3.5
Michel Cluizel,Vila Gracinda,135,2007,67%,France,3.5
Michel Cluizel,Carre Amer,24,2006,60%,France,2
Michel Cluizel,Carre Grand Noir,24,2006,85%,France,2
Michel Cluizel,Tamarina,24,2006,70%,France,3
Michel Cluizel,Los Ancones P.,24,2006,67%,France,4
Michel Cluizel,Mangaro P.,24,2006,65%,France,4
Michel Cluizel,Maralumi P.,24,2006,64%,France,4
Michel Cluizel,Noir Infini,81,2006,99%,France,2
Middlebury,Maya Mountain,1490,2015,80%,U.S.A.,3.5
Middlebury,San Juan Estate,1490,2015,70%,U.S.A.,3.5
Middlebury,Oko Caribe,1490,2015,75%,U.S.A.,3.75
Middlebury,"Patanemo, Epoch, Donaldo",1490,2015,75%,U.S.A.,3.75
Middlebury,Kokoa Kamili,1538,2015,75%,U.S.A.,3.25
Middlebury,"Matagalpa, Cacao Bisiesto",1538,2015,70%,U.S.A.,3.5
Middlebury,La Red,1117,2013,75%,U.S.A.,2.5
Middlebury,Belize,1117,2013,80%,U.S.A.,3.25
Middlebury,Houseblend,887,2012,65%,U.S.A.,1.5
Middlebury,Alto Beni,887,2012,75%,U.S.A.,2
Middlebury,"Balinese, Java",887,2012,70%,U.S.A.,2.5
Millcreek Cacao Roasters,Ecuador,1073,2013,70%,U.S.A.,2.5
Millcreek Cacao Roasters,Ecuador,825,2012,70%,U.S.A.,3.5
Mindo,Ecuador,607,2010,67%,U.S.A.,2.75
Mindo,Ecuador,607,2010,77%,U.S.A.,2.75
Minimal,"Acul-du-Nord, 2015",1920,2016,70%,Japan,3.5
Mission,"Fazenda Camboa, Bahia",1880,2016,75%,Brazil,3.75
Mission,"Bahia, Fazenda Venturosa",1626,2015,70%,Brazil,3.5
Mita,Tumaco,955,2012,65%,Colombia,2.5
Moho,"Toledo District, w/ nibs",1026,2013,73%,U.S.A.,3.25
Moho,Toledo District,1030,2013,72%,U.S.A.,3
Moho,"Umoho R., Toledo District, San Felipe",607,2010,67%,U.S.A.,2.75
Molucca,La Red,1614,2015,70%,U.S.A.,3
Molucca,Indonesia,1618,2015,70%,U.S.A.,2.75
Molucca,Peru,1618,2015,70%,U.S.A.,3.25
Momotombo,Matagalpa,661,2011,70%,Nicaragua,2.75
Momotombo,Mombacho,661,2011,70%,Nicaragua,2.75
Momotombo,Oscuro,772,2011,70%,Nicaragua,3.25
Monarque,Oko Caribe,1812,2016,72%,Canada,3.5
Monsieur Truffe,Papaua New Guinea,1391,2014,70%,Australia,3.25
Montecristi,Manabi,1654,2015,70%,Ecuador,3.25
Montecristi,Manabi,1654,2015,63%,Ecuador,3.5
Montecristi,Manabi,1658,2015,85%,Ecuador,3.5
Muchomas (Mesocacao),Nicaragua,1462,2015,70%,U.S.A.,3.5
Muchomas (Mesocacao),Nicaragua,1462,2015,80%,U.S.A.,3.5
Mutari,"Kokoa Kamili, batch 1 SRB",1896,2016,68%,U.S.A.,2.75
Mutari,"Oko Caribe, batch 1 SRB",1896,2016,71%,U.S.A.,2.75
Mutari,"Ambanja, batch 1 SRB",1900,2016,68%,U.S.A.,2.75
Mutari,"Tien Giang, batch 1 SRB",1900,2016,80%,U.S.A.,3
Nahua,"Costa Rica, Oscuro",1049,2013,58%,Costa Rica,2.5
Nahua,"Costa Rica, Oscuro",1049,2013,70%,Costa Rica,3
Naive,Trinidad & Tobago,1046,2013,70%,Lithuania,3.75
Naive,"Maranon Canyon, Fortunato No. 4",1133,2013,78%,Lithuania,3.75
Naive,Grenada,867,2012,71%,Lithuania,2.5
Nave,Nicaragua,1379,2014,70%,Lithuania,3.25
Nave,Chuao,1399,2014,75%,Lithuania,2.75
Nave,Barinas,1399,2014,70%,Lithuania,3
Nanea,Criollo Blend,1007,2013,85%,U.S.A.,3.5
Nathan Miller,Peru,1403,2014,72%,U.S.A.,2.25
Nathan Miller,Hispaniola,1403,2014,70%,U.S.A.,2.5
Nathan Miller,Madagascar,1403,2014,73.50%,U.S.A.,2.5
Nathan Miller,Ghana,1403,2014,70%,U.S.A.,3.5
Neuhaus (Callebaut),Papua New Guinea,531,2010,70%,Belgium,2.5
Neuhaus (Callebaut),Manickchand Estate,230,2008,67%,Belgium,3.75
Neuhaus (Callebaut),Dark,135,2007,73%,Belgium,1
Neuhaus (Callebaut),West Africa,15,2006,73%,Belgium,2
Neuhaus (Callebaut),Sao Tome,15,2006,75%,Belgium,2.75
Neuhaus (Callebaut),Ocumare,24,2006,71%,Belgium,3
Nibble,Patanemo,1526,2015,72%,U.S.A.,2.25
Nibble,Elvesia P.,1526,2015,72%,U.S.A.,2.75
Nibble,"Ambanja, Sambirano Valley",1526,2015,72%,U.S.A.,3
Nibble,Tumbes,1526,2015,72%,U.S.A.,3
Night Owl,Peru,1022,2013,75%,U.S.A.,2.75
Night Owl,Ecuador,1022,2013,75%,U.S.A.,3.5
Noble Bean aka Jerjobo,Ghana,1295,2014,75%,U.S.A.,3
Noble Bean aka Jerjobo,Moho Valley,1299,2014,75%,U.S.A.,3
Noble Bean aka Jerjobo,Maranon Canyon,1299,2014,75%,U.S.A.,3.25
Noir d' Ebine,Venezuela,837,2012,70%,U.S.A.,3
Noir d' Ebine,Ecuador,841,2012,70%,U.S.A.,3
Nova Monda,"La Patriota, cacao Indio, purple label",931,2012,70%,Nicaragua,3
Nova Monda,"La Dalia, Matagalpa,cacao Bisesto,green label",935,2012,75%,Niacragua,2.75
Nova Monda,"Punta Galera, cacao Nacional, gold label",935,2012,80%,Nicaragua,3.25
Nuance,"Ghana, 2013",1454,2015,70%,U.S.A.,3.75
Nuance,"Ecuador, 2013",1458,2015,70%,U.S.A.,2.75
Nuance,"Canoabo, 2013",1458,2015,70%,U.S.A.,3
Nuance,"Sambirano Valley, 2012",1458,2015,70%,U.S.A.,3.5
Nuance,La Red,1470,2015,70%,U.S.A.,3.75
Nugali,Fazenda Leolinda,1876,2016,70%,Brazil,3.5
Oakland Chocolate Co.,Jamaica,478,2010,70%,U.S.A.,2.5
Obolo,Pangoa,1638,2015,70%,Chile,3.75
Obolo,"Pangoa, w/ nibs",1638,2015,70%,Chile,3.75
Ocelot,Virunga,1558,2015,70%,Scotland,3.75
Ocelot,Piura,1558,2015,75%,Scotland,4
Ocho,Sang Yum Coop,1760,2016,100%,New Zealand,2.75
Ocho,Sang Yum Coop,1760,2016,70%,New Zealand,3.5
Ocho,"PNG, Devotion",1411,2014,66%,New Zealand,2.75
Ocho,"PNG, Revolution",1411,2014,70%,New Zealand,3
Ocho,"PNG, Voodoo",1411,2014,88%,New Zealand,3.25
Ocho,"PNG, Nib Bar",1411,2014,74%,New Zealand,3.5
Ohiyo,"San Juan Estate, Gran Couva",1594,2015,70%,U.S.A.,2.75
Ohiyo,Tanzania,1598,2015,70%,U.S.A.,3
Oialla by Bojessen (Malmo),"Sylvestre, Oialla",761,2011,70%,Germany,3.5
Olive and Sinclair,Dominican Republic prototype,486,2010,72%,U.S.A.,3
Olive and Sinclair,Ghana prototype,486,2010,72%,U.S.A.,3
Olive and Sinclair,Dark 67,457,2009,67%,U.S.A.,2.75
Olive and Sinclair,Dark 75,457,2009,75%,U.S.A.,3
Olivia,Carribean-Raw,688,2011,76%,Canada,2
Olivia,Carribean,688,2011,76%,Canada,2.75
Olivia,Carribean,688,2011,85%,Canada,2.75
Olivia,Carribean-Raw,688,2011,85%,Canada,3
Omanhene,Ghana,693,2011,80%,Ghana,2.75
Omnom,"Kakao Kamili, Kilombero Valley",1816,2016,70%,Iceland,3.75
Omnom,Papua New Guinea,1247,2014,70%,Iceland,3
Omnom,Madagascar,1247,2014,66%,Iceland,3.5
organicfair,Maya Mountain,1161,2013,74%,Canada,2.75
organicfair,La Red,1165,2013,72%,Canada,2.75
organicfair,Nicaraqua,1165,2013,72%,Canada,2.75
organicfair,Caribe,1165,2013,72%,Canada,3
organicfair,Mindo,1165,2013,72%,Canada,3
Original Beans (Felchlin),Papua Kerafat,1438,2014,68%,Switzerland,2.75
Original Beans (Felchlin),"Grand Cru Blend No.1, 5 yr. Anniversary Ed",1442,2014,80%,Switzerland,3.25
Original Beans (Felchlin),"Alto Beni, Wild Harvest, Itenez R. 24hr c.",733,2011,66%,Switzerland,3.75
Original Beans (Felchlin),"D.R. Congo, Cru Virunga",331,2009,70%,Switzerland,3
Original Beans (Felchlin),"Piura, Apotequil, ""Porcelana"" 72hr c.",341,2009,75%,Switzerland,3
Original Beans (Felchlin),"Alto Beni, Wild Harvest, Itenez R., 60hr c.",341,2009,68%,Switzerland,3.25
Original Hawaiin Chocolate Factory,"Hawai'i, Kona Grand Cru E.",316,2009,60%,U.S.A.,3
Original Hawaiin Chocolate Factory,"Hawai'i, Kona Estate Grown",24,2006,60%,U.S.A.,3
Orquidea,Peru,859,2012,65%,Peru,3
Orquidea,Peru,859,2012,72%,Peru,3
Pacari,"Sierra Nevada, Tutu Iku",1848,2016,70%,Ecuador,4
Pacari,Garaua,1415,2014,70%,Ecuador,3.25
Pacari,Cumbia,1415,2014,70%,Ecuador,3.5
Pacari,Montubia,1415,2014,70%,Ecuador,3.75
Pacari,Tangara,1415,2014,70%,Ecuador,4
Pacari,"Ecuador, raw",817,2012,85%,Ecuador,2.75
Pacari,Piura,863,2012,70%,Ecuador,4
Pacari,Nube- prototype,721,2011,70%,Ecuador,3.5
Pacari,Esmeraldas,224,2008,60%,Ecuador,2.5
Pacari,Manabi,224,2008,65%,Ecuador,2.75
Pacari,Los Rios,224,2008,72%,Ecuador,3
Pacari,Raw,266,2008,100%,Ecuador,2
Pacari,Raw,266,2008,70%,Ecuador,3.5
Palette de Bine,Lachua,1720,2016,70%,Canada,2.75
Palette de Bine,Maya Mtn,1720,2016,72%,Canada,3
Palette de Bine,"Silvestre, La Paz, Beni",1570,2015,70%,Canada,3.25
Palette de Bine,"San Juan Estate, Gran Couva",1570,2015,70%,Canada,3.25
Palette de Bine,Kokoa Kamili,1574,2015,72%,Canada,3.5
Palette de Bine,Lam Dong,1574,2015,72%,Canada,3.75
Palette de Bine,"Alto Beni, Palos Blancos",1239,2014,72%,Canada,2.75
Palette de Bine,Sambirano,1239,2014,78%,Canada,3.75
Palette de Bine,"Camino Verde P., Balao, Guayas",1303,2014,75%,Canada,2.75
Palette de Bine,Duo- Gran Couva & Camino Verde,1399,2014,75%,Canada,3.5
Palette de Bine,Gran Couva,1399,2014,70%,Canada,3.75
Pangea,Matasawalevu,1860,2016,76%,Spain,3
Park 75,South America,1363,2014,65%,U.S.A.,3.5
Parliament,Kilombero Valley,1856,2016,70%,U.S.A.,3.25
Parliament,"Lachua, Q'egchi families",1542,2015,70%,U.S.A.,3.5
Parliament,Alto Beni,1251,2014,70%,U.S.A.,3
Parliament,Oko Caribe,1255,2014,70%,U.S.A.,3.5
Pascha,Peru,1137,2013,55%,Peru,2.5
Pascha,Peru,1137,2013,70%,Peru,2.75
Patric,Signature Blend,636,2011,70%,U.S.A.,3.75
Patric,Madagascar,331,2009,75%,U.S.A.,4
Patric,Madagascar,439,2009,67%,U.S.A.,3.5
Patric,"Rio Caribe, Paria Penninsula",439,2009,70%,U.S.A.,3.5
Patric,Madagascar,196,2007,70%,U.S.A.,4
Patric,"Piura, Choc. Garage Exclusive",1034,2013,67%,U.S.A.,4
Paul Young,"Madagascar, w/ shell",1271,2014,73%,U.K.,2.25
Paul Young,"Madagascar, w/ shell",1271,2014,64%,U.K.,2.75
Peppalo,Dominican Republic,1454,2015,82%,U.S.A.,3
Pierre Marcolini,"Haut Penja, w/ nibs",1658,2015,70%,Belgium,3.25
Pierre Marcolini,Chuao,478,2010,75%,Belgium,3
Pierre Marcolini,Trinite,478,2010,75%,Belgium,3.25
Pierre Marcolini,"Baracoa, Cuba",516,2010,78%,Belgium,3.75
Pierre Marcolini,"Peru, Las Pampas P.",531,2010,85%,Belgium,3
Pierre Marcolini,"Bahia Brazil, Fazenda Sao Pedro",414,2009,72%,Belgium,3
Pierre Marcolini,"Porcelana, Tabasco, Finca La Joya",445,2009,72%,Belgium,3
Pierre Marcolini,Cabosse,111,2007,70%,Belgium,4
Pierre Marcolini,"Los Rios, Puerto Romero, Equateur",129,2007,72%,Belgium,3.75
Pierre Marcolini,"Sambirano, Ambanja, Madagascar",141,2007,72%,Belgium,4
Pierre Marcolini,Fleur de Cacao,166,2007,85%,Belgium,3.5
Pierre Marcolini,"Porcelana, Tabasco, Limited Ed.",81,2006,72%,Belgium,4
Pierre Marcolini,"Kendem Lembu, Java",93,2006,72%,Belgium,3
Pierre Marcolini,"Ocumare, Puerto Cabello, Venezuela",93,2006,72%,Belgium,4
Pinellas,Wampusirpi Region,1772,2016,80%,U.S.A.,2.5
Pitch Dark,Tenor,1506,2015,62%,U.S.A.,2.5
Pitch Dark,Johe,1506,2015,80%,U.S.A.,2.75
Pitch Dark,Chuno,1510,2015,80%,U.S.A.,2.75
Pitch Dark,Nicalizo,1510,2015,80%,U.S.A.,2.75
Pitch Dark,Rugoso,1510,2015,80%,U.S.A.,3.25
Pitch Dark,Akesson Estate,1311,2014,73%,U.S.A.,3.25
Pitch Dark,Namau Village,1315,2014,73%,U.S.A.,2.5
Pitch Dark,"Camino Verde P., Balao, Guayas, ""Fruity""",1319,2014,73%,U.S.A.,3.25
Pitch Dark,"Camino Verde P., Balao, Guayas, ""Floral""",1319,2014,73%,U.S.A.,3.5
Pomm (aka Dead Dog),"La Red, 2011",829,2012,76%,U.S.A.,2.5
Pomm (aka Dead Dog),Peru,829,2012,82%,U.S.A.,2.75
Potomac,"Oko Caribe, Duarte Province, 2016 H.",1820,2016,70%,U.S.A.,3.75
Potomac,"Cuyagua, 2013",1387,2014,70%,U.S.A.,3.75
Potomac,Upala w/ nibs,647,2011,70%,U.S.A.,3.5
Potomac,"Upala, Batch 18",654,2011,70%,U.S.A.,3
Potomac,"San Martin, Amazonian Highlands",789,2011,70%,U.S.A.,2.75
Potomac,Bahia,789,2011,70%,U.S.A.,3.5
Potomac,"Upala, Batch 12",607,2010,82%,U.S.A.,3.75
Pralus,Peru,1446,2015,75%,France,3.25
Pralus,"Porcelana, S. of Lake Maracaibo",717,2011,75%,France,3.25
Pralus,Chuao,486,2010,75%,France,3.5
Pralus,Cuyagua,451,2009,75%,France,2
Pralus,Papouasie,199,2008,75%,France,3
Pralus,"Sambirano Valley, Le 100%",202,2008,100%,France,3
Pralus,Dominican Republic-Organic,280,2008,75%,France,2
Pralus,"Monte Alegre, Diego Badero",280,2008,75%,France,3.5
Pralus,Claudio Corallo w/ nibs,162,2007,75%,France,4
Pralus,"Monte Alegre (Itacare), Brazil",105,2006,75%,France,3
Pralus,Tanzania,105,2006,75%,France,3.5
Pralus,Sao Tome & Principe,5,2006,75%,France,3.5
Pralus,Trinidad,5,2006,75%,France,3.5
Pralus,"Madagascar, Nosy Be Isle.",5,2006,75%,France,3.75
Pralus,"Java, Indonesie",32,2006,75%,France,3.5
Pralus,"Barlovento, Venezuela",32,2006,75%,France,3.5
Pralus,Jamaique,32,2006,75%,France,4
Pralus,Equateur,40,2006,75%,France,3
Pralus,Vanuatu,40,2006,75%,France,3
Pralus,Ghana,40,2006,75%,France,3.25
Pralus,Colombie,40,2006,75%,France,3.5
Pralus,Fortissima,93,2006,80%,France,4
Pralus,Cuba,99,2006,75%,France,3
Pralus,"Caracas, Venezuela and Ghana",99,2006,75%,France,3
Pralus,"Djakarta, Java and Ghana",99,2006,75%,France,3.5
Pump Street Bakery,"Chocoan Rainforest, Teroro Escondido, ESM",1872,2016,77%,U.K.,3.5
Pump Street Bakery,"Crayfish Bay Estate, 2014",1502,2015,70%,U.K.,3.5
Pump Street Bakery,"Akesson's, batch 4411",1530,2015,74%,U.K.,3.5
Pump Street Bakery,Honduras,1688,2015,80%,U.K.,2.75
Pump Street Bakery,"Patanemo Vil., Carabobo State, Tisano family",1223,2014,75%,U.K.,2.75
Pump Street Bakery,Guantupi River,1223,2014,75%,U.K.,3
Pump Street Bakery,"Akessons Estate, Sambirano, Ambanja",1223,2014,72%,U.K.,3.25
Pump Street Bakery,Guantupi River,1227,2014,85%,U.K.,2.75
Pura Delizia,Venezuela,931,2012,73%,Italy,2.75
Q Chocolate,Brazil,1057,2013,75%,Brazil,3.25
Q Chocolate,Brazil,1057,2013,85%,Brazil,3.5
Q Chocolate,Brazil,1069,2013,55%,Brazil,2.75
Q Chocolate,Brazil,1069,2013,80%,Brazil,3.25
Q Chocolate,Brazil,935,2012,60%,Brazil,3
Q Chocolate,Brazil,935,2012,65%,Brazil,3.25
Quetzalli (Wolter),"Mexico, Lot 28022016",1796,2016,70%,Mexico,2.75
Quetzalli (Wolter),"Uranga, Lot 22032016",1800,2016,74%,Mexico,3
Raaka,Amazon Basin Blend,1788,2016,70%,U.S.A.,3
Raaka,Virunga,1708,2015,75%,U.S.A.,2.75
Raaka,Madagascar,959,2012,75%,U.S.A.,3.25
Raaka,La Red,785,2011,85%,U.S.A.,3.5
Rain Republic,Suchitepequez E.,470,2010,70%,Guatemala,2.75
Rancho San Jacinto,Ecuador,565,2010,75%,Eucador,3
Ranger,"San Martin, Batch 2",1558,2015,70%,U.S.A.,2.5
Ranger,"Chulucanas, Batch 1",1562,2015,80%,U.S.A.,3.25
Ranger,"Tumbes, Batch 2",1562,2015,73%,U.S.A.,3.5
Raoul Boulanger,Piura,1872,2016,75%,France,3.25
Raw Cocoa,Raw,867,2012,70%,Poland,2.5
Republica del Cacao (aka Confecta),Esmeraldas,494,2010,75%,Ecuador,3.25
Republica del Cacao (aka Confecta),"Los Rios, Vinces",439,2009,75%,Ecuador,2.5
Republica del Cacao (aka Confecta),Manabi,147,2007,75%,Ecuador,3
Republica del Cacao (aka Confecta),El Oro,147,2007,67%,Ecuador,3.5
Republica del Cacao (aka Confecta),Los Rios,170,2007,75%,Ecuador,3.75
Ritual,"Camino Verde P., Balao, 2015 harvest, batch8",1860,2016,75%,U.S.A.,3.75
Ritual,"Camino Verde P., Balao, Guayas, 2014",1466,2015,85%,U.S.A.,3.5
Ritual,"Mid Mountain, 2014",1466,2015,70%,U.S.A.,3.5
Ritual,"Toledo District, Maya",1089,2013,75%,U.S.A.,3.75
Ritual,"Maranon, Cajamarca",1181,2013,75%,U.S.A.,3
Ritual,Sambirano,891,2012,75%,U.S.A.,4
Ritual,"Camino Verde P., 2012, Balao, Guayas",967,2012,75%,U.S.A.,3.25
Ritual,Gran Couva,979,2012,75%,U.S.A.,3.5
Ritual,Costa Rica,745,2011,75%,U.S.A.,3.5
Roasting Masters,"La Dorado, light roast",1844,2016,70%,South Korea,3.25
Roasting Masters,"Tapanti, light roast",1844,2016,70%,South Korea,3.25
Roasting Masters,Maleku,1844,2016,70%,South Korea,3.25
Robert (aka Chocolaterie Robert),Madagascar,1061,2013,75%,Madagascar,3.25
Robert (aka Chocolaterie Robert),Madagascar w/ nibs,1061,2013,68%,Madagascar,3.25
Rococo (Grenada Chocolate Co.),"Gru Grococo, St. Andrews",923,2012,66%,U.K.,3.5
Rogue,"La Masica, Batch 1, FHIA Research Center",1748,2016,75%,U.S.A.,3.75
Rogue,"Caranero, Choc. Garage Exclusive",1446,2015,70%,U.S.A.,3.75
Rogue,"Tranquilidad, Batch 1",1566,2015,75%,U.S.A.,3.25
Rogue,Porcelana,1209,2014,80%,U.S.A.,3.75
Rogue,"Akessons Estate, Sambirano, 2013",1038,2013,70%,U.S.A.,3.5
Rogue,"Hispaniola, 2013",1081,2013,70%,U.S.A.,3.5
Rogue,"Silvestre, Batch 7, 2013",1081,2013,75%,U.S.A.,4
Rogue,"Bachelor's Hall E., St. Thomas Parish",1193,2013,75%,U.S.A.,3.75
Rogue,"Camino Verde P., Balao, Guayas",979,2012,75%,U.S.A.,3.75
Rogue,"Silvestre, Batch 1, 2011",793,2011,75%,U.S.A.,3
Rogue,Piura,565,2010,75%,U.S.A.,3.75
Rogue,Rio Caribe,327,2009,70%,U.S.A.,3.5
Rogue,"Hispaniola, 2008",213,2008,70%,U.S.A.,2.75
Rogue,Jamaica,213,2008,70%,U.S.A.,2.75
Rogue,"Sambirano, 2008",213,2008,70%,U.S.A.,2.75
Rogue,Trinidad,213,2008,70%,U.S.A.,3
Rozsavolgyi,Sur del Lago,809,2012,84%,Hungary,2.5
Rozsavolgyi,"Rio Caribe Superior, Paria Penninsula",871,2012,76%,Hungary,2.25
Rozsavolgyi,"Sambirano, Akesson Estate",871,2012,72%,Hungary,2.5
Rozsavolgyi,Carenero Superior,713,2011,73%,Hungary,3.5
Rozsavolgyi,Porcelana,717,2011,71%,Hungary,2.5
Rozsavolgyi,"Aragua, Trincheras",717,2011,70%,Hungary,3.5
Rozsavolgyi,Principe,765,2011,77%,Hungary,2.75
S.A.I.D.,Malgascio,607,2010,64%,Italy,3.5
S.A.I.D.,100 percent,615,2010,100%,Italy,1.5
S.A.I.D.,Samana,615,2010,70%,Italy,3
S.A.I.D.,Arawak,615,2010,72%,Italy,3.5
S.A.I.D.,Latino,615,2010,72%,Italy,3.5
Sacred,Midnight,813,2012,83%,U.S.A.,2.75
Sacred,Twilight,813,2012,69%,U.S.A.,3.25
Salgado,Bahia Superior,288,2008,70%,Argentina,3.5
Salgado,Esmeraldas,288,2008,70%,Argentina,3.5
Salgado,Carenero Superior,288,2008,70%,Argentina,3.5
Salgado,Rio Arriba,292,2008,70%,Argentina,3.5
Santander (Compania Nacional),Colombian 2008,404,2009,75%,Colombia,2.75
Santander (Compania Nacional),Colombian w/ nibs,414,2009,70%,Colombia,3
Santander (Compania Nacional),Colombian Semi Dark,32,2006,53%,Colombia,2
Santander (Compania Nacional),Colombian,32,2006,65%,Colombia,3
Santander (Compania Nacional),Colombian Dark,32,2006,70%,Colombia,4
Santome,Sao Tome,761,2011,70%,France,2.75
Scharffen Berger,San Juan de Cheni,959,2012,78%,U.S.A.,4
Scharffen Berger,Markham Valley,781,2011,68%,U.S.A.,3.75
Scharffen Berger,Camahogne,464,2010,68%,U.S.A.,3.5
Scharffen Berger,Amina,464,2010,65%,U.S.A.,3.75
Scharffen Berger,Tome Acu,336,2009,68%,U.S.A.,3.75
Scharffen Berger,Asante,336,2009,65%,U.S.A.,4
Scharffen Berger,Ben Tre,445,2009,72%,U.S.A.,3.75
Scharffen Berger,Finisterra,227,2008,72%,U.S.A.,3
Scharffen Berger,Las Islas,117,2007,72%,U.S.A.,3
Scharffen Berger,Nibby,135,2007,62%,U.S.A.,3
Scharffen Berger,Cuyagua,135,2007,75%,U.S.A.,3.75
Scharffen Berger,Antilles (Trin/Gren/DR/Ven),188,2007,75%,U.S.A.,3
Scharffen Berger,Extra Dark,15,2006,82%,U.S.A.,2
Scharffen Berger,Bittersweet,15,2006,70%,U.S.A.,3.5
Scharffen Berger,Kumasi Sambirano,40,2006,68%,U.S.A.,2
Scharffen Berger,Jamaica a l'ancienne,56,2006,70%,U.S.A.,2
Scharffen Berger,Semisweet,56,2006,62%,U.S.A.,3
Seaforth,Dominican Republic,1658,2015,70%,U.K.,2.75
Seaforth,Grenada,1658,2015,70%,U.K.,2.75
Shark Mountain,Jamaica,1450,2015,72%,U.S.A.,3.25
Shark Mountain,Papua New Guinea,1450,2015,73%,U.S.A.,3.5
Shark Mountain,Cuyagua,1466,2015,77%,U.S.A.,2.75
Shark Mountain,ROIG,1466,2015,74%,U.S.A.,3.5
Shark Mountain,Ecuador,1335,2014,75%,U.S.A.,3
Shark Mountain,"Belize, 2013",1335,2014,72%,U.S.A.,3.25
Shark's,Hilo,713,2011,73%,U.S.A.,2
Shark's,"Hilo, w/ added cocoa butter",721,2011,73%,U.S.A.,2.5
Shattel,Tingo Maria,1884,2016,70%,Peru,3.25
Shattell,Porcelana,757,2011,75%,Peru,3.5
Sibu,Oro,1586,2015,82%,Costa Rica,3.25
Sibu,Oscuro,1586,2015,70%,Costa Rica,3.5
Sibu Sura,Peru,911,2012,70%,U.S.A.,2.5
Silvio Bessone,Maya Belize,717,2011,67%,Italy,3
Silvio Bessone,"Trintade, Sao Tome",725,2011,65%,Italy,3.25
Silvio Bessone,"Bahia, Scavina",729,2011,60%,Italy,3.25
Silvio Bessone,"Porcelana, Colombia, Amazonas",741,2011,68%,Italy,3
Sirene,Wild Bolivia,1788,2016,73%,Canada,3.5
Sirene,Kokoa Kamili Coop,1856,2016,73%,Canada,3.5
Sirene,"Esmeraldas, Salazar Farm",1860,2016,73%,Canada,3.75
Sirene,"Somia Plantation, 2012",1502,2015,100%,Canada,3
Sirene,"Camino Verde P., Balao, Guayas, 2012",1506,2015,100%,Canada,3
Sirene,Lachua w/ cane sugar,1614,2015,73%,Canada,3
Sirene,"Lachua w/ maple sugar, batch 5",1614,2015,73%,Canada,3.25
Sirene,Pisa,1650,2015,73%,Canada,3.25
Sirene,"Somia Plantation, 2012",1339,2014,67%,Canada,3.75
Sirene,"Somia Plantation, 2012",1339,2014,73%,Canada,3.75
Sirene,"Camino Verde P., Balao, Guayas",1343,2014,73%,Canada,3.75
Sjolinds,Ghana,1454,2015,70%,U.S.A.,2.75
Sjolinds,Nicaragua,1462,2015,72%,U.S.A.,3
"Smooth Chocolator, The","Oko Caribe, DOR005",1940,2017,70%,Australia,3.5
"Smooth Chocolator, The","Guasare, La Sierra de Perija, batch gua001",1740,2016,70%,Australia,3.75
"Smooth Chocolator, The","Porcelana, Sorotaima,Machiques,batch pcl001",1740,2016,70%,Australia,4
"Smooth Chocolator, The","Maya Mtn, Moho R., Toledo D.",1756,2016,70%,Australia,3.75
"Smooth Chocolator, The",Tien Giang,1864,2016,70%,Australia,3
"Smooth Chocolator, The",Australia,1864,2016,67%,Australia,3.75
"Smooth Chocolator, The","Chimelb, Lanquin, Alta Verapaz, b-GUA001",1908,2016,70%,Australia,3.25
"Smooth Chocolator, The",Akesson's Estate,1618,2015,65%,Australia,3.25
"Smooth Chocolator, The",Akesson's Estate,1622,2015,70%,Australia,3.5
"Smooth Chocolator, The",Kokoa Kamili,1622,2015,67%,Australia,3.75
"Smooth Chocolator, The",San Juan Estate,1622,2015,70%,Australia,3.75
"Smooth Chocolator, The",Camino Verde,1622,2015,72%,Australia,4
"Smooth Chocolator, The",Bolivia,1626,2015,72%,Australia,2.75
"Smooth Chocolator, The","Papua New Guinea, triple roast, batch 1",1662,2015,65%,Australia,3.5
"Smooth Chocolator, The","Maranon, batch 2",1666,2015,67%,Australia,3
"Smooth Chocolator, The","Chuao, batch 3",1666,2015,70%,Australia,3.75
Snake & Butterfly,Ghana,693,2011,67%,U.S.A.,1.5
Snake & Butterfly,Madagascar,502,2010,68%,U.S.A.,3
Snake & Butterfly,Ecuador,502,2010,68%,U.S.A.,3.25
Sol Cacao,"Ecuador, Batch 1",1812,2016,70%,U.S.A.,3.5
Sol Cacao,Madagascar,1518,2015,72%,U.S.A.,3
Solkiki,"Maranon, Fortunato No. 4",1840,2016,68%,U.K.,2.75
Solkiki,"Castillo, Hispaniola, unroasted",1840,2016,85%,U.K.,2.75
Solomons Gold,Solomon Island,1792,2016,70%,New Zealand,3.25
Solomons Gold,Solomon Island w/ nibs,1796,2016,75%,New Zealand,3.25
Solstice,Bundibugyo,1335,2014,70%,U.S.A.,3
Solstice,Sambirano,1157,2013,70%,U.S.A.,3
Solstice,Amazonas,1157,2013,70%,U.S.A.,3
Solstice,Bolivia,1161,2013,70%,U.S.A.,3.25
Solstice,San Martin,1161,2013,70%,U.S.A.,3.25
Solstice,Wasatch,1161,2013,70%,U.S.A.,3.5
Soma,"Oko Caribe, Duarte P., Collab w Chocosol",1820,2016,62%,Canada,3.5
Soma,"Sambirano Valley, Black Science, B-60307.0",1820,2016,70%,Canada,3.5
Soma,"Bahia Black, batch bra50722.1",1828,2016,70%,Canada,3.5
Soma,"Abstract S. w/ Jamaica nibs,batch abs60323.0",1828,2016,75%,Canada,3.75
Soma,"Chuno, San Jose de Bocay, Pantasma R.,B.S.",1828,2016,70%,Canada,3.75
Soma,"Tien Giang, Black S., batch VIT60420.0",1828,2016,70%,Canada,4
Soma,"Camino Verde, Black S., batch cvu6030.0",1832,2016,70%,Canada,3.25
Soma,CSB Chama,1594,2015,70%,Canada,3.5
Soma,Porcelana,1594,2015,75%,Canada,4
Soma,"La Tronca, Matagalpa",1227,2014,70%,Canada,3.5
Soma,Maranon Canyon,1259,2014,70%,Canada,3.75
Soma,La Dalia,1307,2014,70%,Canada,3.25
Soma,"Camino Verde P., Balao, Guayas",1307,2014,80%,Canada,3.5
Soma,"Espiritu Santo, 'Smoke Monster'",1307,2014,70%,Canada,3.75
Soma,Little Big Man,1339,2014,70%,Canada,3.25
Soma,"Rizek Cacao, Domin. Rep.",1019,2013,77%,Canada,3.75
Soma,Java,1030,2013,70%,Canada,3.25
Soma,"Apurimac, El Quinacho Co-op",1073,2013,70%,Canada,2.75
Soma,"Sangre Grande P., Trinidad",1073,2013,70%,Canada,3.75
Soma,Chef's Blend,1077,2013,70%,Canada,3.25
Soma,Patanemo,1077,2013,70%,Canada,3.75
Soma,Crazy 88,1077,2013,88%,Canada,4
Soma,"Maracaibo, El Vigia",1077,2013,70%,Canada,4
Soma,Equator,1081,2013,67%,Canada,4
Soma,Orinoco,1173,2013,70%,Canada,3.25
Soma,"Bachelor's Hall E., St. Thomas Parish",1177,2013,70%,Canada,4
Soma,Noula Coop,817,2012,70%,Canada,3.25
Soma,O'ahu,833,2012,70%,Canada,3.75
Soma,"Dual Origins, Sambirano, Elvesia",867,2012,70%,Canada,4
Soma,"Dancing in Your Head, 5 bean blend",867,2012,70%,Canada,4
Soma,Cahabon Region,951,2012,70%,Canada,3.5
Soma,Carenero Superior,951,2012,70%,Canada,3.75
Soma,Eastern Promises,967,2012,70%,Canada,3.5
Soma,Papua New Guinea,983,2012,85%,Canada,3.5
Soma,"Grenada, Black Science",676,2011,70%,Canada,2.75
Soma,"Alto Beni, Wild Bolivian",676,2011,70%,Canada,3.5
Soma,Peruvian,676,2011,64%,Canada,4
Soma,"Three Amigos(Chuao, Wild Bolivia, D.R.)",676,2011,70%,Canada,4
Soma,"Elvesia P., Black Science",682,2011,70%,Canada,3.75
Soma,Chuao,688,2011,70%,Canada,3.5
Soma,Black Science Blend 1,607,2010,70%,Canada,3.75
Soma,Hispaniola,377,2009,70%,Canada,3
Soma,Africa,377,2009,70%,Canada,3.5
Soma,Conacado,387,2009,70%,Canada,3
Soma,Papua New Guinea,387,2009,70%,Canada,3.5
Soma,Madagascar,387,2009,70%,Canada,3.75
Soma,Ocumare,387,2009,70%,Canada,3.75
Somerville,Nicaragua,1367,2014,70%,U.S.A.,3.25
Somerville,"Hawaiian, Big Island",1395,2014,70%,U.S.A.,3.5
Soul,Dominican Republic,1932,2017,70%,Canada,3.25
Soul,Madagascar,1936,2017,70%,Canada,3.5
Soul,Venezuela,1936,2017,75%,Canada,3.5
Soul,Ecuador,1936,2017,75%,Canada,3.25
Soul,Papua New Guinea,1936,2017,77%,Canada,3.25
Soul,Tanzania,1940,2017,80%,Canada,3.5
Spagnvola,AgroCriso Plantation,793,2012,70%,U.S.A.,3
Spagnvola,AgroCriso Plantation,793,2012,80%,U.S.A.,3
Spagnvola,AgroCriso Plantation,793,2012,75%,U.S.A.,3.25
Spencer,Dominican Republic,1932,2017,70%,U.S.A.,3.75
Spencer,Ecuador,1932,2017,70%,U.S.A.,3.5
Spencer,Peru,1932,2017,70%,U.S.A.,2.75
Spencer,"Dominican Republic, lot D82R",1792,2016,70%,Australia,3.5
Spencer,"Ecuador, lot E432314L",1792,2016,70%,Australia,3.75
Spencer,"Madagascar, lot M0403R",1792,2016,70%,Australia,3.75
Spencer,Malekula Island,1434,2014,72%,Australia,2.75
Sprungli (Felchlin),Alto Beni,1057,2013,70%,Switzerland,3
SRSLY,Dominican Republic,1113,2013,70%,U.S.A.,3
SRSLY,Dominican Republic,1121,2013,84%,U.S.A.,2.25
Starchild,"Bolivar, Arriba",1634,2015,70%,U.S.A.,3
Starchild,Hispaniola,1692,2015,70%,U.S.A.,3
Starchild,Cacao Verapaz,1692,2015,70%,U.S.A.,3
Starchild,Rio Tuma,1692,2015,70%,U.S.A.,3
Starchild,Sambirano Valley,1696,2015,70%,U.S.A.,3
Stella (aka Bernrain),"Bahia, Agri-Forestal Plantation, 2010",859,2012,68%,Switzerland,2.75
Stella (aka Bernrain),India,729,2011,72%,Switzerland,3.25
Stone Grindz,"Ecuador, Midnight Dark",1291,2014,84%,U.S.A.,3.5
Stone Grindz,"Ecuador, Twilght Dark",1291,2014,70%,U.S.A.,3.5
StRita Supreme,"Samar, East Visayas region",939,2012,65%,U.S.A.,2.5
StRita Supreme,"Samar, East Visayas region",943,2012,70%,U.S.A.,2.5
StRita Supreme,"Samar, East Visayas region",943,2012,75%,U.S.A.,2.75
Sublime Origins,Sambirano,1157,2013,67%,U.S.A.,2.75
Sublime Origins,Moho Valley,1157,2013,78%,U.S.A.,3.25
Summerbird,Peru,1800,2016,61%,Denmark,2.5
Summerbird,Peru,1800,2016,71%,Denmark,3
Suruca Chocolate,Venezuela,1796,2016,70%,Venezuela,2.75
Suruca Chocolate,Venezuela,1796,2016,60%,Venezuela,3
Svenska Kakaobolaget,Sri Lanka,1618,2015,70%,Sweden,2.75
Szanto Tibor,Nacional,1668,2015,70%,Hungary,3.25
Szanto Tibor,Baracoa,1704,2015,88%,Hungary,3.25
Szanto Tibor,Ambolikapiky,1704,2015,70%,Hungary,3.25
Szanto Tibor,"Winak, Sumaco",1704,2015,70%,Hungary,3.75
Szanto Tibor,"Ben Tre, Mekong Delta",1708,2015,70%,Hungary,3.25
Szanto Tibor,"Fazenda Sempre Firme, Bahia",1708,2015,70%,Hungary,3.5
Szanto Tibor,Porcelana,1263,2014,70%,Hungary,3.5
Szanto Tibor,Baracoa,1263,2014,70%,Hungary,3.75
Szanto Tibor,"Autumn, Primary Harvest, 2012",1185,2013,70%,Hungary,3.5
Szanto Tibor,"Spring, Secondary Harvest, 2012",1185,2013,70%,Hungary,3.5
Szanto Tibor,Cacao Blanco,1193,2013,70%,Hungary,3.25
Szanto Tibor,Santo Domingo,939,2012,70%,Hungary,3.25
Szanto Tibor,Millot Plantation,939,2012,70%,Hungary,3.25
Szanto Tibor,"Ayacucho, ""El Guinacho""",939,2012,70%,Hungary,3.75
Szanto Tibor,Crudo,761,2011,70%,Hungary,3
Tabal,Costa Rica,1101,2013,70%,U.S.A.,2.75
Tabal,Dominican Republic,1101,2013,70%,U.S.A.,2.75
Tabal,"Chiapas, Lacandon Jungle",1105,2013,70%,U.S.A.,2.5
Tabal,Peru,1105,2013,70%,U.S.A.,3
Tablette (aka Vanillabeans),Colombia,1450,2015,70%,Japan,3
Tablette (aka Vanillabeans),Papua,1450,2015,62%,Japan,3.25
Tablette (aka Vanillabeans),Vietnam,1450,2015,60%,Japan,3.25
Tablette (aka Vanillabeans),Trinidad,1680,2015,77%,Japan,2.75
Tan Ban Skrati,"Paramaribo, batch 20160043-01",1868,2016,70%,Suriname,3.25
Taza,Belize,1271,2014,68%,U.S.A.,3
Taza,Alto Beni,785,2011,87%,U.S.A.,3.25
Taza,Chiapan,451,2009,75%,U.S.A.,2.75
Taza,"Dark, Stone Ground",180,2007,70%,U.S.A.,3
TCHO,West Africa,1716,2016,62%,U.S.A.,2
TCHO,Peru- Ecuador,915,2012,99%,U.S.A.,3.25
TCHO,TCHOPro 60.5,387,2009,60%,U.S.A.,2.75
TCHO,TCHOPro 68,387,2009,68%,U.S.A.,3
TCHO,Chocolatey-beta,199,2008,70%,U.S.A.,2.5
TCHO,Fruity-beta,280,2008,70%,U.S.A.,2.5
TCHO,Citrus-beta,280,2008,70%,U.S.A.,2.75
TCHO,Nutty-beta,284,2008,70%,U.S.A.,2.5
Tejas,Concepcion,801,2012,70%,U.S.A.,2.75
Tejas,Bayou Blend,801,2012,70%,U.S.A.,3
Tejas,Aranama,805,2012,70%,U.S.A.,3
Tejas,Presidio,805,2012,70%,U.S.A.,3.5
Tejas,"La Bahia, w/ cane juice",817,2012,70%,U.S.A.,3.25
Tejas,Capistrano,821,2012,70%,U.S.A.,2
Tejas,"La Bahia, w/ cane sugar",825,2012,70%,U.S.A.,3.25
Tejas,San Jose,829,2012,70%,U.S.A.,2.75
Tejas,Capistrano*,829,2012,70%,U.S.A.,3
Tejas,Espada,833,2012,70%,U.S.A.,3.25
Tejas,Espada,967,2012,70%,U.S.A.,2.75
Tejas,Concepcion*,971,2012,80%,U.S.A.,3
Tejas,San Jose,971,2012,67%,U.S.A.,3.25
Tejas,"Bahia, Floresta Azul,Good Friends Reserve#3",971,2012,70%,U.S.A.,3.5
Terroir,Peru,1478,2015,70%,U.S.A.,2.75
Terroir,Belize,1478,2015,70%,U.S.A.,3.75
Terroir,Madagascar,1478,2015,70%,U.S.A.,3.75
Terroir,Ecuador,1482,2015,70%,U.S.A.,3.25
Terroir,Oko Caribe,1554,2015,70%,U.S.A.,3.5
Terroir,Guatemala,1558,2015,70%,U.S.A.,3.75
Terroir,Ecuador,1323,2014,77%,U.S.A.,3.25
Terroir,Madagascar,1323,2014,67%,U.S.A.,3.75
Terroir,Uganda,1323,2014,73%,U.S.A.,3.75
The Barn,Peru,1614,2015,70%,Sweden,3
Theo,Congo w/ nibs,903,2012,65%,U.S.A.,3.25
Theo,Madagascar,162,2007,65%,U.S.A.,3.5
Theo,Ivory Coast,184,2007,75%,U.S.A.,2.5
Theo,"Ghana, Kumasi",184,2007,84%,U.S.A.,3
Theo,"Venezuela; Barinos, Merida, Tachron",188,2007,91%,U.S.A.,2
Theo,"Ghana, Panama, Ecuador",188,2007,75%,U.S.A.,3
Theobroma,"Piura Select, Cacao Blanc",1684,2015,70%,Japan,3.25
Timo A. Meyer,"Belize, med roast",1836,2016,72%,Germany,3.75
To'ak (Ecuatoriana),Manabi,1418,2014,81%,Ecuador,3.25
Tobago Estate (Pralus),"Roxborough, Tobago",895,2012,70%,France,4
Tocoti,"Wild Bolivian, Jungle Love",927,2012,77%,U.S.A.,3
Tocoti,Venezuela,789,2011,72%,U.S.A.,2.75
Tocoti,Dominican Republic,789,2011,74%,U.S.A.,3
Treehouse,Conacado,1239,2014,72%,U.S.A.,3
Tsara (Cinagra),"Ambanja, Tsara Valley",753,2011,72%,Madagascar,3.5
twenty-four blackbirds,Oko Caribe,1700,2015,75%,U.S.A.,2.75
twenty-four blackbirds,"Cedeno, lot 271",1700,2015,75%,U.S.A.,3.5
twenty-four blackbirds,Madagascar,1235,2014,75%,U.S.A.,3.5
twenty-four blackbirds,Dominican Republic,1022,2013,68%,U.S.A.,3.25
twenty-four blackbirds,Palos Blancos,1026,2013,75%,U.S.A.,2.5
twenty-four blackbirds,Dominican Republic,753,2011,73%,U.S.A.,2.75
Two Ravens,Peru,1740,2016,60%,U.S.A.,3
Un Dimanche A Paris,Dominican Republic,709,2011,63%,France,3.75
Undone,Matagalpa,1438,2014,74%,U.S.A.,2.75
Undone,Nourish,1438,2014,70%,U.S.A.,3
Upchurch,"Madagascar, Sassy Bar",1752,2016,72%,U.S.A.,3
Upchurch,"Tanzania, Party Bar",1752,2016,72%,U.S.A.,3.25
Urzi,"Sur del Lago, Merida",1327,2014,65%,Italy,3.25
Valrhona,"Piura, Illanka, Quemazon",1510,2015,63%,France,4
Valrhona,"Andoa, Grand Cru blend",1145,2013,70%,France,3.5
Valrhona,"Loma Sotavento, 2013",1153,2013,64%,France,3.5
Valrhona,"Otucan, Grand Cru",931,2012,69%,France,4
Valrhona,Caraque,709,2011,56%,France,3.25
Valrhona,"Porcelana, Pedegral",757,2011,64%,France,4
Valrhona,Tainori,327,2009,64%,France,3.75
Valrhona,Alpaco,370,2009,66%,France,3.75
Valrhona,Nyangbo,395,2009,68%,France,3.5
Valrhona,Araguani,117,2007,72%,France,3
Valrhona,Chuao 2002 P.,129,2007,65%,France,3.75
Valrhona,Manjari,129,2007,64%,France,4
Valrhona,Le Noir Extra Amer,147,2007,85%,France,1.5
Valrhona,Abinao,153,2007,85%,France,2.5
Valrhona,Le Noir Amer,157,2007,71%,France,2.75
Valrhona,"Porcelana, Maracaibo, Palmira P. 2006",162,2007,64%,France,3.25
Valrhona,Caraibe,63,2006,66%,France,3
Valrhona,Guanaja,63,2006,70%,France,4
Valrhona,Gran Couva 2005 P.,75,2006,64%,France,2.5
Valrhona,"Porcelana, Maracaibo, Palmira P. 2005",75,2006,64%,France,3
Valrhona,"Sambirano, Ampamakia 2005, Millot P.",75,2006,64%,France,3.5
Vanleer (Barry Callebaut),Manhattan,963,2012,72%,U.S.A.,2.5
Vanleer (Barry Callebaut),Napa,963,2012,65%,U.S.A.,2.75
Vao Vao (Chocolaterie Robert),Madagascar,404,2009,72%,Madagascar,2.75
Vao Vao (Chocolaterie Robert),Madagascar,404,2009,76%,Madagascar,2.75
Vao Vao (Chocolaterie Robert),Madagascar,404,2009,80%,Madagascar,2.75
Vao Vao (Chocolaterie Robert),Madagascar,404,2009,70%,Madagascar,3
Vao Vao (Chocolaterie Robert),Madagascar w/ nibs,404,2009,68%,Madagascar,3
Vao Vao (Chocolaterie Robert),Madagascar,404,2009,64%,Madagascar,3.25
Vicuna,Palos Blancos,1470,2015,70%,U.S.A.,3.25
Vicuna,Palos Blancos + nibs,1470,2015,70%,U.S.A.,3.25
Videri,Dominican Republic,1211,2014,90%,U.S.A.,3.25
Videri,Trinidad,1211,2014,75%,U.S.A.,3.5
Videri,Mindo,1227,2014,75%,U.S.A.,3.5
Videri,Dark,1117,2013,90%,U.S.A.,3.75
Videri,Classic,991,2012,70%,U.S.A.,3.25
Vietcacao (A. Morin),"Ben Tre, Mekong Delta, MoCay",951,2012,70%,France,3.5
Vintage Plantations,San Martin,1205,2014,75%,U.S.A.,3
Vintage Plantations (Tulicorp),"Los Rios, Rancho Grande 2004/2007",153,2007,100%,U.S.A.,2
Vintage Plantations (Tulicorp),"Los Rios, Rancho Grande 2004/2007",153,2007,90%,U.S.A.,2
Vintage Plantations (Tulicorp),"Los Rios, Rancho Grande 2004/2007",153,2007,75%,U.S.A.,3
Vintage Plantations (Tulicorp),"Los Rios, Rancho Grande 2007",153,2007,65%,U.S.A.,3
Violet Sky,Sambirano Valley,1458,2015,77%,U.S.A.,2.75
Violet Sky,Moho River Valley,1458,2015,77%,U.S.A.,3
Violet Sky,Cuyagua,1458,2015,77%,U.S.A.,3
Violet Sky,Peru,1458,2015,77%,U.S.A.,3.25
Violet Sky,Cahabon,1502,2015,77%,U.S.A.,2.75
Vivra,Peru,1720,2016,70%,U.S.A.,2.5
Vivra,Ocumare,1720,2016,70%,U.S.A.,2.5
Vivra,Dominican Republic,1724,2016,70%,U.S.A.,3
Wellington Chocolate Factory,Conacado,1756,2016,70%,New Zealand,3.5
Wellington Chocolate Factory,"Piura Blanco, Norandino",1756,2016,70%,New Zealand,3.5
Whittakers,Ghana,733,2011,72%,New Zealand,2.5
Wilkie's Organic,Amazonas,1169,2013,75%,Ireland,2.5
Wilkie's Organic,Amazonas,1169,2013,89%,Ireland,2.75
Wilkie's Organic,Tumbes,1169,2013,75%,Ireland,3.25
Wilkie's Organic,Amazonas w/ nibs,1173,2013,75%,Ireland,2.75
Willie's Cacao,Los Llanos,1848,2016,70%,U.K.,4
Willie's Cacao,Los Llanos,1227,2014,88%,U.K.,3
Willie's Cacao,"Java, Indonesian Black",1109,2013,100%,U.K.,2.25
Willie's Cacao,Sambirano,593,2010,71%,U.K.,3
Willie's Cacao,Hacienda Las Trincheras,593,2010,72%,U.K.,3.5
Willie's Cacao,Java,593,2010,69%,U.K.,3.75
Willie's Cacao,San Martin,457,2009,70%,U.K.,3
Willie's Cacao,Rio Caribe,457,2009,72%,U.K.,3.25
Wm,"Guasare, Zulia Prov., 2015, batch 124",1912,2016,74%,U.S.A.,3
Wm,"Wild Beniano, 2016, batch 128, Heirloom",1912,2016,76%,U.S.A.,3.5
Wm,"Ghana, 2013, batch 129",1916,2016,75%,U.S.A.,3.75
Woodblock,"Maranon, Cajamarca",1243,2014,70%,U.S.A.,3
Woodblock,"Camino Verde P., Balao, Guayas",1042,2013,70%,U.S.A.,3.25
Woodblock,Gran Couva,1042,2013,70%,U.S.A.,3.5
Woodblock,Ecuador,825,2012,70%,U.S.A.,2.5
Woodblock,Costa Rica,825,2012,70%,U.S.A.,3
Woodblock,Sambirano,951,2012,70%,U.S.A.,3.25
Woodblock,Ocumare,741,2011,70%,U.S.A.,4
Woodblock,La Red,769,2011,70%,U.S.A.,3.5
Xocolat,Hispaniola,1057,2013,66%,Domincan Republic,3
Xocolla,"Sambirano, batch 170102",1948,2017,70%,U.S.A.,2.75
Xocolla,"Hispaniola, batch 170104",1948,2017,70%,U.S.A.,2.5
Zak's,"Papua New Guinea, Batch 2",1574,2015,70%,U.S.A.,3
Zak's,"Dominican Republic, Batch D2",1578,2015,70%,U.S.A.,3.25
Zak's,"Madagascar, Batch 2",1578,2015,70%,U.S.A.,3.25
Zak's,"Peru, Batch 1",1578,2015,70%,U.S.A.,3.25
Zak's,"Belize, Batch 2",1578,2015,70%,U.S.A.,3.5
Zak's,"House Blend, Batch 2",1582,2015,60%,U.S.A.,3
Zart Pralinen,"Millot P., Ambanja",1820,2016,70%,Austria,3.5
Zart Pralinen,UNOCACE,1824,2016,70%,Austria,2.75
Zart Pralinen,San Juan Estate,1824,2016,85%,Austria,2.75
Zart Pralinen,"Kakao Kamili, Kilombero Valley",1824,2016,85%,Austria,3
Zart Pralinen,"Kakao Kamili, Kilombero Valley",1824,2016,70%,Austria,3.5
Zart Pralinen,"San Juan Estate, Gran Couva",1880,2016,78%,Austria,3.5
Zokoko,Guadalcanal,1716,2016,78%,Australia,3.75
Zokoko,Goddess Blend,1780,2016,65%,Australia,3.25
Zokoko,Alto Beni,697,2011,68%,Australia,3.5
Zokoko,Tokiala,701,2011,66%,Australia,3.5
Zokoko,"Tranquilidad, Baures",701,2011,72%,Australia,3.75
Zotter,Raw,1205,2014,80%,Austria,2.75
Zotter,"Bocas del Toro, Cocabo Co-op",801,2012,72%,Austria,3.5
Zotter,Amazonas Frucht,801,2012,65%,Austria,3.5
Zotter,"Satipo Pangoa region, 16hr conche",875,2012,70%,Austria,3
Zotter,"Satipo Pangoa region, 20hr conche",875,2012,70%,Austria,3.5
Zotter,"Loma Los Pinos, Yacao region, D.R.",875,2012,62%,Austria,3.75
Zotter,El Oro,879,2012,75%,Austria,3
Zotter,Huiwani Coop,879,2012,75%,Austria,3
Zotter,El Ceibo Coop,879,2012,90%,Austria,3.25
Zotter,Santo Domingo,879,2012,70%,Austria,3.75
Zotter,"Kongo, Highlands",883,2012,68%,Austria,3.25
Zotter,"Indianer, Raw",883,2012,58%,Austria,3.5
Zotter,Peru,647,2011,70%,Austria,3.75
Zotter,Congo,749,2011,65%,Austria,3
Zotter,Kerala State,749,2011,65%,Austria,3.5
Zotter,Kerala State,781,2011,62%,Austria,3.25
Zotter,"Brazil, Mitzi Blue",486,2010,65%,Austria,3